# SIMULATION; CHAIN-EXP-017; rows = frames (4096 samples @ 96 kHz), cols = freq bins every 187.5 Hz; dB re 1.0
-83.1,-11.5,-80.9,-107.4,-101.2,-104.7,-102.7,-98.7,-108.0,-96.9,-109.3,-119.8,-103.1,-95.5,-112.1,-110.7,-103.6,-111.7,-99.2,-114.2,-107.0,-118.0,-97.1,-102.0,-97.9,-99.1,-103.6,-97.0,-101.3,-99.5,-102.1,-103.8,-107.8,-101.2,-110.7,-103.0,-105.1,-97.7,-98.8,-116.6,-113.7,-99.7,-101.4,-103.6,-107.4,-100.2,-104.6,-104.8,-114.5,-102.2,-99.0,-97.8,-100.6,-100.2,-101.1,-99.1,-106.1,-100.6,-107.6,-111.0,-107.1,-119.4,-103.5,-108.2,-96.9,-100.4,-102.2,-102.1,-105.7,-104.2,-104.4,-105.8,-111.9,-105.5,-104.6,-98.0,-104.6,-102.6,-102.7,-107.5,-105.3,-109.8,-102.8,-99.1,-107.1,-112.3,-106.3,-109.8,-104.9,-105.7,-106.4,-112.8,-117.2,-108.9,-104.5,-122.0,-112.6,-109.4,-107.0,-109.3,-106.7,-105.2,-108.0,-109.0,-116.5,-113.3,-109.2,-116.1,-120.3,-113.4,-113.5,-128.2,-112.6,-113.5,-110.1,-117.2,-124.3,-115.8,-127.9,-125.4,-115.4,-117.9,-116.9,-125.8,-121.9,-133.0,-115.8,-119.4,-132.0,-128.3,-121.9,-124.0,-134.7,-125.5,-128.8,-131.6,-137.6,-110.1,-72.5,-157.1,-48.0,-120.2,-148.7,-131.0,-134.0,-139.4,-128.2,-134.6,-128.2,-124.6,-129.3,-125.2,-120.2,-124.5,-135.5,-131.0,-121.1,-116.0,-116.3,-123.0,-126.6,-115.3,-113.3,-114.3,-117.5,-126.3,-116.4,-111.7,-118.0,-115.7,-118.6,-126.8,-119.2,-117.8,-117.1,-129.6,-111.6,-114.0,-110.3,-121.7,-115.4,-113.8,-114.9,-116.9,-121.2,-120.9,-116.5,-110.0,-115.1,-114.1,-108.6,-110.0,-114.3,-114.5,-106.7,-118.9,-110.2,-117.5,-128.1,-122.3,-118.2,-114.3,-117.3,-119.8,-113.0,-110.2,-117.5,-111.5,-127.2,-113.4,-114.5,-130.1,-118.7,-116.6,-111.6,-114.9,-111.3,-107.7,-118.1,-119.2,-118.1,-109.7,-106.0,-114.7,-114.0,-123.7,-117.0,-118.1,-125.2,-127.2,-115.6,-119.2,-112.1,-115.3,-128.2,-119.9,-125.7,-144.6,-118.1,-118.2,-116.3,-124.4,-115.5,-116.3,-119.9,-122.5,-126.7,-122.5,-117.2,-125.1,-127.9,-129.6,-130.9,-119.2,-144.0,-126.0,-134.1
-79.9,-30.5,-70.2,-92.0,-93.3,-102.7,-99.2,-104.4,-100.3,-96.8,-106.4,-104.2,-103.7,-97.6,-101.4,-121.7,-103.9,-101.7,-103.3,-109.5,-96.2,-97.3,-101.9,-98.8,-103.5,-99.0,-102.4,-95.9,-96.4,-102.6,-99.0,-106.9,-105.6,-104.7,-126.1,-103.5,-103.4,-98.3,-105.1,-106.0,-105.0,-107.3,-107.5,-100.9,-106.0,-107.6,-100.3,-101.5,-103.1,-100.2,-106.4,-102.6,-100.1,-110.8,-123.1,-107.9,-103.8,-100.1,-103.0,-105.0,-104.4,-100.9,-101.6,-119.3,-113.4,-99.0,-105.1,-102.0,-115.1,-104.8,-103.4,-105.3,-115.8,-100.7,-102.4,-110.3,-109.1,-108.0,-101.0,-106.2,-117.4,-108.8,-105.1,-105.9,-102.4,-106.7,-116.2,-111.1,-103.0,-109.6,-120.7,-108.0,-125.9,-104.3,-118.4,-110.4,-104.9,-121.2,-110.0,-117.5,-113.2,-109.4,-114.1,-113.6,-108.6,-110.6,-109.0,-115.6,-110.8,-109.2,-112.0,-112.3,-107.6,-118.9,-116.4,-116.0,-109.8,-115.5,-117.9,-114.4,-118.5,-127.0,-118.8,-118.0,-121.7,-120.7,-119.0,-118.7,-125.0,-140.1,-123.5,-123.2,-138.2,-125.6,-145.0,-130.3,-128.6,-102.3,-83.9,-125.4,-53.1,-120.9,-135.8,-127.6,-127.2,-126.8,-124.1,-134.3,-120.4,-124.2,-123.6,-127.0,-125.7,-118.1,-122.1,-123.8,-119.3,-120.6,-122.3,-114.6,-115.7,-115.6,-118.8,-130.9,-118.3,-117.2,-124.2,-112.8,-118.0,-120.5,-126.5,-112.5,-123.0,-118.9,-120.3,-127.5,-116.2,-120.4,-120.0,-120.1,-121.5,-121.8,-117.3,-120.7,-118.6,-117.5,-105.4,-116.5,-107.7,-111.7,-118.6,-113.3,-116.8,-121.6,-125.0,-110.2,-116.2,-116.8,-111.7,-110.8,-120.6,-111.1,-117.4,-112.8,-113.8,-134.5,-111.3,-128.3,-115.6,-109.1,-114.8,-115.3,-109.5,-118.1,-115.6,-117.2,-112.4,-111.3,-111.7,-119.8,-116.4,-112.8,-110.4,-109.6,-111.5,-117.6,-113.3,-111.4,-111.5,-124.3,-114.6,-121.8,-115.3,-118.6,-111.2,-116.6,-127.6,-109.7,-123.1,-124.0,-113.4,-120.9,-116.9,-123.1,-115.9,-117.6,-119.2,-121.2,-125.4,-119.4,-126.4,-122.5,-131.1,-122.8,-132.9,-120.7,-129.1
-84.1,-46.0,-65.3,-93.9,-98.5,-98.4,-105.3,-97.1,-105.5,-111.5,-108.5,-94.8,-107.5,-102.4,-94.0,-99.4,-121.4,-102.1,-97.0,-105.0,-100.8,-96.5,-103.3,-122.5,-104.4,-98.3,-108.6,-104.8,-109.4,-101.0,-96.4,-98.7,-121.5,-101.7,-99.4,-106.4,-98.5,-108.0,-104.7,-99.5,-111.9,-102.5,-102.1,-103.6,-102.8,-122.7,-99.1,-114.5,-104.0,-107.4,-102.0,-101.6,-99.4,-100.6,-103.2,-107.2,-103.7,-97.0,-100.7,-99.1,-109.4,-109.4,-109.3,-106.6,-108.6,-111.7,-109.9,-110.1,-99.0,-103.0,-102.7,-97.1,-121.6,-119.3,-112.9,-121.8,-112.5,-106.7,-115.9,-106.3,-97.5,-105.5,-103.0,-101.3,-111.7,-104.5,-108.9,-106.8,-105.1,-100.1,-108.3,-116.2,-112.7,-106.0,-113.8,-112.5,-108.6,-108.6,-113.7,-111.8,-108.5,-104.7,-108.9,-112.5,-115.0,-112.7,-125.8,-112.6,-106.7,-131.0,-113.0,-121.9,-117.9,-110.1,-115.8,-114.2,-128.4,-111.3,-110.5,-120.2,-113.9,-120.1,-120.8,-117.7,-122.6,-117.9,-117.2,-123.0,-116.0,-121.8,-130.7,-131.0,-129.7,-134.2,-131.7,-125.9,-125.0,-95.0,-93.1,-124.5,-72.6,-111.7,-130.6,-157.4,-132.6,-151.6,-125.1,-126.3,-122.9,-125.6,-122.7,-126.1,-120.2,-112.3,-126.6,-124.8,-131.0,-114.6,-131.2,-123.2,-117.1,-116.6,-117.5,-120.1,-119.4,-124.1,-116.8,-131.3,-113.5,-109.2,-114.0,-120.4,-113.8,-117.8,-117.9,-111.8,-122.6,-119.2,-111.0,-117.4,-114.2,-116.9,-118.6,-115.3,-115.1,-113.4,-113.2,-112.5,-130.0,-146.7,-116.1,-108.4,-112.6,-124.3,-111.3,-117.6,-114.7,-115.2,-114.9,-122.4,-123.9,-114.5,-115.1,-110.9,-118.6,-111.2,-111.4,-115.1,-119.5,-117.0,-111.2,-133.3,-122.1,-120.1,-116.9,-121.3,-120.9,-115.8,-113.7,-104.9,-115.5,-138.1,-117.6,-115.0,-115.8,-131.7,-122.7,-114.0,-107.0,-113.8,-118.8,-110.3,-123.4,-117.4,-116.1,-114.4,-115.4,-119.4,-117.6,-121.6,-110.9,-113.8,-115.6,-114.2,-128.5,-121.5,-114.3,-116.3,-118.3,-121.1,-145.8,-123.9,-118.5,-128.1,-124.9,-122.9,-123.0
-92.3,-57.7,-57.0,-99.9,-108.8,-94.6,-102.3,-101.0,-99.5,-99.5,-100.4,-106.5,-99.0,-96.2,-118.7,-100.3,-98.5,-103.3,-108.9,-110.4,-99.1,-102.1,-93.0,-97.7,-119.1,-103.2,-114.3,-98.8,-118.4,-116.6,-102.6,-99.5,-100.6,-112.0,-103.0,-112.3,-99.2,-96.8,-111.0,-95.9,-125.8,-102.7,-99.5,-98.8,-107.2,-100.0,-99.9,-96.7,-97.5,-107.0,-102.1,-102.0,-108.7,-107.8,-105.6,-106.0,-112.2,-96.0,-100.6,-103.7,-110.4,-101.4,-105.7,-101.5,-102.5,-115.5,-104.7,-105.9,-102.7,-109.8,-105.0,-104.6,-106.0,-110.6,-106.5,-104.6,-102.7,-101.9,-105.3,-113.7,-108.5,-100.8,-101.9,-105.8,-104.8,-106.4,-108.7,-122.1,-104.0,-104.0,-116.6,-108.5,-107.2,-105.8,-105.9,-118.4,-108.2,-110.3,-113.4,-122.0,-109.4,-111.7,-109.9,-115.0,-113.6,-114.8,-110.6,-113.5,-108.5,-121.7,-118.2,-122.0,-106.2,-117.0,-125.0,-114.4,-115.8,-104.8,-117.2,-114.7,-121.8,-126.5,-117.9,-119.4,-122.2,-127.8,-121.0,-142.1,-120.3,-123.0,-126.1,-124.2,-124.7,-134.7,-126.1,-132.5,-128.5,-85.2,-104.3,-122.2,-86.3,-100.1,-124.4,-128.3,-121.2,-157.5,-131.9,-127.4,-125.6,-126.8,-128.4,-124.1,-119.1,-120.6,-116.6,-115.4,-122.8,-138.1,-117.6,-124.7,-116.6,-115.8,-115.2,-122.5,-117.4,-129.4,-131.5,-115.0,-117.1,-118.7,-118.4,-117.4,-115.5,-112.3,-125.3,-116.7,-108.8,-121.1,-108.6,-120.7,-119.5,-112.7,-114.3,-121.0,-116.7,-132.7,-111.8,-110.8,-116.7,-124.2,-121.6,-117.6,-131.1,-118.7,-127.7,-113.4,-112.5,-111.9,-115.9,-120.0,-113.3,-119.3,-114.9,-114.8,-125.4,-113.6,-106.1,-110.2,-113.0,-114.4,-112.3,-114.6,-116.4,-114.3,-113.2,-108.9,-114.4,-111.5,-121.2,-121.1,-111.0,-118.0,-110.3,-115.6,-112.2,-118.9,-126.5,-116.8,-120.2,-127.6,-116.4,-119.2,-109.7,-124.8,-118.4,-120.3,-114.0,-123.1,-117.7,-123.0,-127.8,-120.9,-125.8,-117.0,-116.3,-118.5,-119.0,-117.0,-120.1,-122.7,-119.8,-117.8,-126.8,-126.0,-120.0,-127.9,-115.7
-96.0,-60.2,-39.5,-79.8,-93.0,-92.0,-98.5,-99.4,-99.7,-98.3,-99.6,-110.6,-109.1,-101.1,-104.8,-100.9,-101.8,-101.1,-113.3,-106.0,-104.3,-93.3,-105.2,-95.8,-109.4,-103.8,-105.7,-104.3,-98.8,-100.5,-101.3,-95.6,-102.2,-95.3,-95.0,-110.9,-99.8,-104.0,-106.2,-106.4,-101.8,-108.1,-103.1,-102.7,-113.2,-107.9,-107.4,-99.8,-101.7,-115.4,-109.6,-107.8,-104.3,-110.5,-108.0,-103.9,-108.1,-107.8,-105.6,-104.5,-105.6,-98.3,-104.9,-97.8,-102.6,-102.8,-115.3,-105.0,-110.3,-110.3,-105.9,-109.7,-102.0,-110.6,-106.8,-101.7,-98.6,-118.0,-102.3,-109.3,-101.9,-110.9,-111.7,-112.8,-104.9,-106.4,-108.6,-103.9,-122.1,-110.6,-111.3,-106.1,-113.1,-110.2,-110.5,-111.0,-105.0,-110.7,-108.9,-112.4,-110.1,-111.0,-112.3,-113.8,-111.6,-104.7,-104.1,-109.8,-111.4,-117.8,-111.8,-112.1,-113.4,-113.3,-116.2,-123.7,-109.6,-125.1,-115.6,-116.5,-114.8,-117.7,-119.6,-112.7,-112.4,-122.7,-120.4,-134.7,-128.1,-126.3,-122.3,-126.5,-127.0,-129.0,-125.2,-134.7,-117.8,-65.2,-105.7,-118.0,-92.0,-85.7,-117.9,-133.2,-125.2,-129.5,-124.2,-126.3,-130.6,-128.9,-127.5,-125.7,-123.9,-123.4,-131.6,-133.3,-120.8,-116.7,-119.7,-126.0,-110.5,-136.7,-129.5,-123.2,-121.5,-124.5,-111.1,-111.3,-114.6,-113.3,-110.7,-137.3,-112.1,-114.9,-124.7,-114.6,-120.4,-130.7,-119.8,-119.0,-119.1,-121.9,-121.6,-116.8,-127.2,-110.9,-110.6,-119.0,-117.1,-122.5,-122.9,-135.5,-119.1,-118.6,-114.1,-111.3,-113.1,-113.4,-113.4,-121.3,-108.4,-110.1,-111.9,-118.2,-115.6,-120.4,-114.0,-113.8,-114.7,-119.7,-116.2,-109.3,-114.0,-126.0,-115.7,-108.9,-118.1,-115.0,-112.1,-110.2,-111.6,-117.2,-114.5,-114.3,-116.2,-114.6,-114.5,-124.5,-119.0,-124.6,-118.7,-123.2,-116.0,-112.6,-120.8,-112.7,-131.3,-111.6,-135.5,-116.8,-119.6,-131.8,-117.3,-117.9,-114.8,-113.0,-118.6,-124.4,-118.1,-120.4,-129.6,-125.1,-121.3,-123.1,-131.7,-135.4,-142.4
-82.8,-65.7,-17.1,-74.4,-96.3,-97.2,-92.3,-101.5,-98.7,-96.5,-106.7,-104.3,-103.2,-102.9,-100.9,-98.6,-98.6,-102.7,-106.8,-98.3,-106.9,-112.3,-99.9,-99.1,-99.4,-105.1,-99.5,-96.0,-103.1,-102.8,-97.3,-113.0,-94.8,-102.0,-96.8,-97.6,-100.3,-104.2,-106.2,-101.6,-110.3,-106.1,-103.2,-102.0,-111.4,-101.0,-104.9,-99.2,-101.0,-106.0,-107.8,-110.1,-116.7,-105.7,-97.6,-99.1,-100.7,-108.0,-101.7,-101.8,-101.6,-103.9,-103.6,-102.0,-99.5,-102.0,-111.6,-102.3,-101.8,-105.8,-124.1,-107.2,-101.6,-108.8,-103.0,-102.8,-101.4,-106.9,-102.8,-107.6,-114.8,-101.9,-104.0,-101.7,-103.4,-103.3,-116.9,-106.0,-106.4,-108.0,-118.0,-108.3,-108.4,-109.0,-102.6,-114.4,-105.2,-109.8,-118.3,-111.3,-114.0,-116.0,-126.2,-109.2,-107.9,-111.2,-113.7,-109.3,-117.7,-108.4,-109.7,-127.8,-107.8,-112.7,-115.4,-111.3,-115.2,-116.8,-116.2,-118.2,-113.9,-116.8,-123.3,-131.4,-123.7,-116.1,-119.2,-126.9,-124.2,-127.3,-118.6,-123.4,-122.1,-125.1,-130.5,-122.3,-108.9,-44.8,-105.4,-120.7,-101.3,-68.9,-117.1,-124.6,-130.7,-122.2,-139.3,-128.5,-121.4,-123.2,-140.4,-137.9,-118.2,-119.3,-119.2,-115.0,-116.5,-134.4,-119.1,-114.9,-118.5,-114.6,-119.7,-119.1,-126.0,-114.4,-114.3,-116.2,-124.7,-116.3,-125.0,-109.1,-127.5,-114.7,-114.2,-116.2,-115.4,-114.8,-111.4,-118.4,-111.7,-118.1,-113.4,-122.1,-111.7,-121.0,-112.2,-115.2,-116.2,-120.7,-126.2,-115.2,-115.2,-110.7,-110.8,-116.5,-135.0,-114.8,-111.3,-112.1,-114.4,-115.7,-110.9,-122.1,-113.5,-114.6,-112.0,-114.3,-113.1,-113.6,-132.9,-118.2,-117.1,-114.0,-112.8,-109.7,-131.7,-107.3,-122.4,-112.5,-110.2,-116.5,-112.2,-128.1,-114.8,-116.3,-116.2,-112.4,-124.9,-119.5,-115.5,-123.5,-118.7,-112.6,-119.6,-116.8,-127.0,-116.3,-119.7,-114.0,-121.1,-121.0,-119.6,-117.6,-121.1,-118.8,-117.2,-119.6,-126.7,-120.6,-118.9,-121.3,-121.4,-127.6,-120.1,-126.2,-122.0
-87.9,-75.8,-6.3,-73.6,-93.4,-94.8,-99.6,-114.5,-99.0,-100.1,-106.2,-108.9,-106.7,-113.3,-99.6,-108.0,-92.5,-96.5,-101.7,-100.0,-93.0,-100.4,-105.9,-101.8,-104.4,-103.5,-103.4,-102.6,-95.9,-96.9,-100.8,-99.0,-115.5,-101.7,-106.7,-103.3,-107.0,-95.2,-108.7,-104.8,-110.8,-101.1,-106.0,-102.2,-100.6,-102.3,-108.1,-108.8,-104.5,-107.3,-96.7,-114.8,-100.4,-106.4,-105.1,-114.1,-109.4,-100.6,-113.3,-101.2,-102.1,-98.6,-110.5,-104.0,-106.1,-103.5,-103.6,-100.8,-106.0,-101.7,-106.6,-109.8,-101.9,-104.5,-104.7,-114.9,-107.0,-100.3,-99.6,-111.3,-103.5,-100.7,-110.7,-107.5,-109.3,-108.8,-106.4,-107.1,-106.3,-104.5,-110.1,-110.0,-116.4,-107.0,-107.0,-109.7,-112.4,-114.1,-112.8,-114.4,-114.3,-130.6,-103.1,-116.4,-139.9,-117.2,-114.0,-114.1,-116.7,-114.7,-111.3,-106.9,-121.5,-120.6,-121.1,-128.0,-117.4,-130.0,-125.0,-108.7,-148.7,-131.7,-116.8,-115.1,-125.8,-123.9,-124.6,-133.0,-132.5,-131.5,-128.4,-127.4,-134.2,-128.0,-124.4,-128.3,-109.7,-49.1,-120.0,-126.1,-106.0,-45.9,-111.1,-131.3,-127.4,-125.4,-135.6,-125.2,-123.1,-125.9,-134.1,-121.0,-131.0,-121.1,-123.6,-113.7,-114.9,-115.1,-118.2,-115.5,-118.4,-136.7,-115.0,-129.8,-121.2,-127.4,-119.6,-121.7,-114.0,-115.3,-113.3,-119.7,-112.5,-123.5,-113.3,-112.0,-114.2,-110.8,-117.1,-119.5,-123.9,-121.5,-115.6,-114.5,-124.2,-113.1,-115.7,-118.2,-113.7,-112.7,-109.8,-107.8,-113.4,-114.4,-115.8,-113.6,-108.3,-120.7,-110.4,-119.1,-116.3,-130.7,-110.5,-113.2,-111.7,-127.8,-112.4,-111.6,-121.9,-124.7,-124.2,-113.0,-117.5,-110.5,-119.4,-119.5,-105.1,-112.7,-119.3,-113.5,-110.5,-117.5,-115.2,-110.9,-117.4,-115.3,-121.5,-113.1,-119.0,-112.1,-116.7,-120.7,-110.8,-114.5,-119.1,-118.4,-127.0,-115.9,-130.2,-117.6,-139.8,-115.2,-114.9,-127.3,-123.0,-114.8,-117.3,-116.9,-121.1,-124.2,-126.1,-128.1,-128.0,-130.8,-135.9,-121.3,-122.0
-87.8,-79.4,-25.0,-66.2,-89.5,-94.1,-106.1,-101.3,-96.5,-101.3,-107.2,-109.0,-101.3,-102.8,-99.0,-106.8,-105.4,-96.4,-100.6,-109.7,-99.4,-97.4,-99.6,-104.0,-105.4,-106.9,-102.5,-110.7,-106.0,-95.8,-114.5,-97.9,-95.9,-101.8,-105.2,-106.8,-101.2,-98.6,-109.8,-105.0,-105.4,-107.0,-99.1,-94.6,-104.5,-97.3,-99.0,-111.9,-102.1,-102.0,-109.4,-109.7,-108.9,-99.5,-105.7,-101.9,-115.0,-101.4,-98.8,-100.4,-126.4,-100.4,-110.8,-108.4,-114.0,-110.8,-105.0,-99.6,-106.1,-104.0,-102.5,-103.7,-101.8,-107.6,-106.9,-106.8,-118.1,-112.4,-103.2,-107.5,-107.8,-103.9,-109.0,-110.3,-99.6,-107.1,-103.2,-111.7,-104.4,-112.0,-115.4,-106.3,-114.3,-113.7,-102.1,-107.9,-99.5,-107.9,-108.2,-109.1,-116.9,-113.4,-111.0,-108.6,-116.8,-110.7,-112.3,-107.8,-109.3,-119.8,-108.5,-130.6,-131.9,-114.1,-112.9,-115.2,-113.8,-115.7,-117.1,-133.0,-123.0,-119.2,-112.8,-116.5,-120.6,-125.5,-123.0,-116.2,-129.3,-127.1,-125.2,-121.0,-124.6,-127.6,-133.3,-121.3,-94.5,-73.7,-115.2,-133.5,-121.0,-47.2,-108.9,-129.3,-127.1,-132.3,-133.8,-121.1,-124.9,-123.5,-127.3,-140.9,-118.1,-120.4,-124.2,-122.2,-118.9,-117.6,-131.8,-116.2,-117.9,-121.9,-119.2,-120.8,-115.7,-116.5,-123.0,-124.1,-113.4,-130.7,-112.0,-110.9,-113.3,-124.4,-116.7,-119.4,-111.7,-112.4,-121.6,-119.5,-119.7,-112.7,-117.5,-119.3,-117.4,-109.7,-112.3,-114.4,-110.3,-118.4,-111.6,-111.5,-112.0,-112.1,-115.5,-112.1,-113.9,-113.2,-111.1,-124.8,-110.6,-114.8,-117.9,-115.7,-123.3,-124.2,-113.0,-112.6,-115.1,-112.8,-123.5,-113.0,-128.8,-120.8,-114.1,-115.5,-118.2,-110.6,-111.8,-119.2,-120.1,-120.8,-132.6,-108.3,-109.1,-130.5,-116.5,-108.5,-120.7,-116.9,-116.9,-112.3,-115.6,-114.9,-118.3,-114.0,-117.5,-124.6,-113.7,-111.6,-125.6,-118.7,-123.9,-119.5,-120.7,-120.3,-116.9,-122.9,-122.9,-116.7,-126.7,-128.7,-126.3,-126.2,-129.2,-126.7,-141.8
-108.8,-81.9,-46.7,-51.6,-81.2,-102.6,-102.0,-102.3,-99.8,-108.9,-98.1,-101.2,-103.9,-103.5,-114.4,-107.9,-96.5,-105.3,-105.6,-107.0,-107.5,-101.0,-106.4,-98.0,-104.1,-104.5,-96.8,-99.8,-97.3,-115.5,-113.0,-100.5,-104.6,-96.7,-104.6,-95.9,-99.3,-97.4,-100.3,-105.8,-106.4,-96.3,-100.0,-111.9,-99.2,-102.7,-110.6,-95.6,-98.6,-105.2,-100.5,-102.8,-110.2,-102.8,-100.9,-100.1,-103.0,-109.5,-109.8,-96.1,-103.7,-111.3,-97.6,-112.0,-109.5,-104.4,-110.6,-98.8,-112.2,-99.7,-97.7,-104.6,-102.4,-112.7,-105.6,-110.6,-106.2,-98.0,-106.7,-100.4,-102.5,-124.3,-109.7,-104.7,-106.3,-103.0,-103.3,-104.5,-110.7,-109.8,-116.1,-103.1,-100.0,-112.1,-107.7,-106.1,-112.4,-105.2,-104.6,-111.4,-109.5,-111.3,-113.6,-113.0,-105.0,-113.5,-105.6,-112.0,-116.6,-111.9,-120.1,-118.9,-113.0,-112.1,-110.1,-127.1,-109.8,-111.8,-113.0,-114.3,-126.4,-117.4,-126.2,-118.8,-116.0,-135.3,-117.0,-119.0,-123.2,-124.8,-133.8,-125.7,-131.3,-130.5,-121.6,-115.8,-78.0,-88.2,-116.2,-125.3,-115.6,-73.5,-94.0,-123.1,-129.1,-134.0,-131.2,-137.4,-127.7,-118.7,-119.6,-125.3,-123.1,-119.4,-121.8,-116.6,-120.1,-119.2,-137.5,-123.3,-117.8,-125.0,-115.4,-122.8,-114.2,-117.3,-119.8,-109.5,-116.9,-116.8,-117.1,-112.3,-111.0,-121.7,-112.7,-115.8,-110.3,-112.1,-110.5,-115.4,-112.7,-124.4,-119.0,-110.5,-116.0,-113.8,-115.0,-125.1,-114.8,-111.6,-113.3,-112.8,-117.2,-114.0,-113.9,-120.4,-112.1,-119.1,-106.3,-115.1,-122.7,-114.6,-117.3,-117.5,-111.1,-112.8,-109.5,-117.9,-114.8,-112.4,-116.7,-116.5,-124.9,-115.9,-116.7,-119.6,-109.5,-116.2,-109.6,-112.0,-112.7,-111.7,-119.1,-120.9,-113.5,-115.7,-114.6,-111.5,-119.1,-114.5,-117.9,-111.4,-117.0,-116.3,-113.2,-120.6,-113.8,-130.3,-113.4,-113.0,-115.9,-116.8,-122.0,-119.5,-130.3,-114.6,-128.4,-127.4,-120.4,-122.4,-121.0,-120.1,-131.9,-117.0,-129.6,-119.5,-118.6
-87.2,-85.8,-60.8,-29.2,-78.0,-101.9,-96.9,-108.2,-100.8,-100.2,-114.5,-101.7,-108.2,-97.1,-100.4,-102.5,-108.4,-96.7,-99.6,-107.2,-99.7,-107.9,-101.1,-101.8,-103.4,-100.2,-98.8,-106.9,-96.5,-103.4,-105.8,-106.5,-102.2,-111.7,-99.8,-102.1,-110.5,-103.3,-96.6,-100.0,-121.8,-118.1,-102.7,-117.2,-99.5,-103.2,-99.4,-104.1,-103.4,-110.4,-102.8,-112.0,-110.8,-109.2,-102.1,-104.4,-103.5,-102.9,-102.4,-99.9,-104.3,-105.9,-102.7,-101.1,-118.2,-107.6,-101.1,-100.7,-103.8,-104.0,-108.7,-117.7,-101.5,-103.1,-109.4,-107.8,-104.5,-106.6,-102.8,-113.5,-105.7,-110.4,-109.4,-106.5,-111.0,-107.1,-105.8,-104.8,-115.2,-111.6,-108.5,-106.9,-108.6,-107.0,-115.7,-105.1,-108.0,-115.5,-108.5,-125.4,-110.7,-107.7,-114.5,-110.6,-109.4,-106.1,-114.8,-123.9,-118.4,-114.7,-108.4,-110.8,-115.7,-113.7,-117.6,-125.2,-112.6,-115.0,-129.5,-110.9,-122.2,-118.5,-110.6,-123.9,-116.1,-122.1,-117.5,-134.0,-124.2,-149.5,-132.1,-131.3,-143.5,-138.7,-120.1,-107.6,-51.0,-98.1,-120.0,-141.8,-122.4,-91.8,-75.0,-115.8,-130.7,-125.8,-125.5,-126.6,-117.4,-144.9,-121.8,-126.3,-117.4,-123.5,-123.3,-121.3,-124.4,-116.5,-127.9,-114.2,-115.6,-124.5,-128.5,-125.8,-119.8,-111.8,-129.3,-117.3,-123.9,-108.3,-114.0,-111.9,-126.8,-117.6,-124.2,-117.5,-117.5,-112.1,-111.9,-126.0,-127.9,-113.6,-122.7,-111.3,-110.2,-110.5,-113.7,-133.6,-123.0,-112.8,-113.4,-119.6,-113.1,-110.6,-114.3,-115.9,-106.6,-110.6,-109.0,-117.0,-115.1,-114.9,-112.8,-111.3,-125.6,-115.1,-119.3,-112.6,-109.2,-116.7,-111.3,-132.9,-123.3,-112.8,-116.6,-126.5,-127.1,-116.2,-116.9,-124.2,-112.5,-118.9,-128.5,-120.4,-118.1,-110.6,-115.7,-123.2,-117.4,-114.1,-117.2,-115.5,-116.2,-114.5,-115.7,-111.4,-116.9,-115.1,-121.8,-126.3,-114.0,-116.3,-120.4,-115.8,-115.9,-117.0,-125.4,-123.7,-124.7,-116.4,-125.8,-117.5,-116.8,-130.5,-129.8,-122.2,-126.8
-104.2,-94.9,-76.3,-6.4,-76.7,-97.5,-97.7,-104.4,-101.0,-101.3,-97.9,-102.0,-100.5,-102.0,-107.2,-98.9,-100.7,-97.0,-108.1,-111.6,-103.1,-101.0,-98.5,-111.2,-102.9,-96.8,-106.0,-102.3,-109.6,-103.7,-98.7,-99.3,-97.3,-102.5,-114.7,-97.5,-101.9,-103.1,-101.3,-103.8,-98.1,-99.5,-95.6,-103.6,-101.7,-108.4,-102.8,-101.5,-98.0,-101.8,-108.6,-106.3,-97.1,-104.7,-103.4,-102.7,-103.5,-105.3,-104.0,-128.0,-105.1,-104.3,-96.8,-99.5,-117.0,-111.6,-109.1,-110.5,-106.3,-102.2,-110.8,-102.5,-101.8,-103.1,-104.4,-108.8,-106.1,-100.2,-114.1,-121.7,-107.9,-108.2,-108.2,-111.3,-112.9,-114.1,-114.2,-102.6,-108.0,-107.3,-111.9,-101.8,-104.3,-106.6,-119.8,-107.1,-108.8,-104.7,-104.8,-107.9,-116.4,-109.1,-112.0,-112.0,-108.9,-113.5,-117.3,-113.5,-105.9,-114.9,-114.2,-118.4,-114.4,-110.9,-117.1,-119.7,-119.9,-114.5,-115.8,-124.6,-120.2,-124.4,-114.7,-124.0,-124.8,-119.7,-118.9,-117.6,-122.9,-119.2,-133.0,-124.1,-136.2,-141.3,-131.5,-101.8,-43.2,-109.3,-128.3,-137.7,-131.6,-105.8,-44.5,-112.2,-130.0,-123.8,-132.6,-135.9,-120.4,-130.8,-124.0,-124.0,-128.1,-127.1,-117.7,-122.7,-118.2,-135.5,-122.0,-116.7,-117.1,-114.0,-125.0,-123.9,-111.2,-117.8,-120.8,-122.0,-114.7,-114.8,-122.2,-110.2,-119.8,-116.8,-115.2,-112.9,-126.9,-109.1,-118.0,-111.0,-123.5,-111.4,-123.5,-110.6,-108.9,-110.3,-121.3,-127.1,-118.5,-116.3,-114.7,-109.6,-114.1,-113.8,-118.7,-111.6,-110.3,-116.4,-113.3,-114.3,-128.7,-106.9,-108.4,-111.0,-113.8,-118.0,-114.4,-121.1,-111.2,-110.2,-110.4,-110.6,-105.8,-113.8,-112.6,-118.9,-110.3,-112.6,-115.6,-116.6,-126.6,-123.5,-120.1,-119.1,-118.3,-116.2,-114.3,-113.5,-121.7,-121.2,-111.8,-115.3,-113.0,-121.0,-115.0,-134.1,-122.9,-123.7,-120.5,-123.7,-123.7,-118.3,-122.8,-117.8,-119.5,-114.8,-123.4,-113.0,-120.6,-118.5,-125.6,-116.5,-119.4,-133.9,-134.3,-125.9,-128.1
-96.2,-93.2,-75.7,-29.2,-57.7,-83.1,-93.2,-106.0,-100.8,-104.5,-120.0,-106.2,-97.7,-102.8,-96.0,-103.1,-95.2,-100.5,-107.5,-102.8,-107.3,-97.9,-97.6,-101.4,-107.6,-103.8,-95.5,-106.6,-102.2,-103.0,-104.7,-103.2,-94.5,-106.5,-102.8,-95.2,-98.2,-101.9,-123.2,-100.9,-104.1,-102.0,-98.2,-100.6,-102.2,-98.8,-98.9,-97.1,-107.7,-104.8,-102.3,-98.1,-102.8,-105.2,-96.1,-100.7,-102.7,-94.9,-101.1,-100.1,-107.1,-105.1,-110.9,-105.0,-100.5,-105.5,-102.6,-114.8,-113.0,-104.8,-101.8,-115.9,-104.1,-99.7,-107.3,-105.2,-119.2,-106.0,-114.1,-109.9,-100.6,-106.1,-100.8,-102.9,-111.1,-100.9,-116.1,-104.0,-107.2,-123.9,-122.2,-108.7,-108.2,-113.7,-105.7,-111.8,-111.2,-105.3,-113.5,-104.6,-113.1,-117.1,-107.9,-111.6,-109.8,-121.2,-112.7,-106.8,-117.4,-116.1,-109.7,-111.5,-122.9,-125.4,-115.6,-117.8,-113.6,-115.3,-112.0,-114.6,-116.1,-118.9,-111.8,-116.0,-117.1,-114.1,-127.2,-127.4,-125.0,-132.6,-130.3,-137.5,-126.2,-130.4,-116.5,-84.8,-72.6,-113.1,-127.9,-139.3,-123.6,-106.9,-50.8,-94.8,-116.7,-122.9,-126.2,-118.4,-129.0,-135.7,-120.1,-123.5,-117.5,-121.1,-126.7,-114.3,-128.5,-121.2,-114.4,-119.7,-122.9,-115.4,-117.7,-117.0,-114.0,-108.8,-123.8,-117.1,-120.8,-121.3,-118.1,-111.4,-125.2,-110.7,-106.4,-112.1,-116.3,-116.5,-113.7,-113.3,-119.8,-114.7,-108.9,-118.6,-116.5,-111.2,-107.7,-112.6,-114.5,-124.9,-108.9,-119.8,-110.8,-108.2,-106.7,-110.9,-105.2,-111.2,-130.1,-115.2,-121.3,-112.4,-109.4,-112.9,-111.1,-112.7,-120.2,-122.0,-112.3,-109.0,-113.7,-109.1,-106.8,-113.1,-126.1,-113.0,-112.4,-119.7,-118.1,-110.9,-114.6,-116.4,-113.5,-117.1,-112.5,-113.3,-113.1,-117.5,-112.2,-120.6,-119.1,-123.5,-120.3,-118.3,-116.6,-122.2,-116.1,-138.1,-114.5,-119.7,-123.9,-117.0,-121.0,-120.7,-124.1,-120.5,-115.5,-128.9,-120.2,-117.7,-120.2,-129.6,-117.2,-120.1,-118.5,-124.0,-125.7
-102.7,-105.4,-88.5,-56.7,-34.4,-80.9,-92.1,-107.2,-97.9,-96.1,-95.0,-96.9,-100.6,-102.8,-99.8,-102.4,-100.8,-108.6,-106.0,-98.3,-100.2,-107.1,-92.8,-99.8,-103.3,-106.6,-101.3,-98.1,-99.3,-121.2,-97.2,-103.3,-103.1,-99.3,-114.5,-106.2,-104.5,-96.8,-113.1,-102.7,-101.4,-112.5,-100.3,-104.1,-105.4,-100.4,-102.2,-100.8,-109.2,-104.4,-99.9,-97.7,-104.1,-105.3,-94.5,-101.0,-108.2,-108.6,-107.7,-100.8,-100.9,-101.9,-99.9,-102.0,-104.2,-105.9,-99.3,-106.5,-100.4,-108.6,-104.4,-103.5,-108.9,-105.4,-108.2,-107.9,-110.9,-109.8,-100.8,-101.2,-100.1,-103.2,-108.7,-107.8,-102.8,-103.8,-130.4,-104.8,-109.9,-109.0,-114.4,-110.5,-108.7,-113.8,-116.5,-112.1,-114.1,-113.1,-114.5,-110.1,-111.2,-119.4,-107.7,-112.1,-115.7,-114.0,-112.9,-115.7,-109.2,-110.5,-120.2,-111.0,-109.4,-112.3,-115.9,-121.6,-112.1,-109.3,-115.9,-116.9,-115.7,-123.8,-139.4,-124.1,-119.6,-120.3,-122.5,-122.9,-126.7,-123.8,-120.0,-125.7,-129.1,-130.8,-114.6,-54.0,-95.8,-127.5,-138.9,-137.4,-127.7,-115.1,-80.8,-75.5,-113.9,-127.8,-125.4,-122.2,-123.0,-122.7,-117.6,-129.2,-124.2,-117.5,-116.1,-122.0,-126.7,-122.0,-121.1,-120.3,-133.4,-113.0,-126.9,-116.7,-134.1,-116.8,-118.7,-118.6,-114.4,-111.3,-114.6,-114.8,-114.2,-122.2,-112.6,-120.7,-113.4,-120.8,-118.5,-114.8,-115.2,-109.2,-118.3,-112.6,-110.3,-109.8,-108.4,-113.6,-111.7,-110.0,-108.4,-123.0,-113.9,-106.8,-116.4,-114.7,-114.3,-114.8,-125.9,-125.6,-115.5,-107.2,-112.5,-111.8,-115.3,-112.6,-111.6,-108.1,-117.8,-110.1,-110.5,-114.5,-121.0,-116.5,-113.1,-112.4,-112.7,-108.0,-114.8,-111.6,-113.5,-110.3,-130.8,-113.0,-125.3,-120.6,-112.8,-116.1,-120.0,-118.4,-128.1,-112.0,-121.9,-122.3,-114.2,-120.9,-117.6,-120.9,-114.4,-120.5,-121.0,-122.5,-130.6,-121.3,-115.7,-112.0,-132.3,-113.9,-117.4,-122.1,-121.0,-119.9,-119.9,-122.5,-123.1,-127.8,-134.4
-102.0,-96.0,-92.2,-72.2,-6.8,-70.8,-92.0,-113.2,-128.2,-99.1,-108.4,-103.9,-95.1,-107.4,-96.9,-100.9,-96.1,-104.6,-99.5,-110.3,-103.2,-108.0,-108.6,-120.2,-116.1,-96.2,-101.9,-101.2,-101.4,-115.5,-94.0,-97.4,-110.8,-97.5,-105.1,-101.2,-96.4,-98.0,-105.4,-103.0,-102.4,-95.1,-101.0,-99.4,-100.2,-101.9,-99.4,-100.8,-103.2,-106.4,-119.0,-97.6,-106.1,-99.7,-101.7,-102.6,-107.1,-101.4,-105.8,-108.2,-106.2,-106.6,-112.8,-98.7,-102.2,-104.1,-103.9,-102.1,-108.4,-100.6,-100.4,-105.0,-105.6,-104.2,-104.5,-105.0,-101.1,-102.1,-102.3,-104.5,-119.7,-105.5,-105.2,-109.2,-106.8,-101.9,-101.0,-105.5,-101.2,-128.2,-111.6,-109.1,-103.7,-107.2,-103.3,-111.6,-110.0,-110.6,-104.4,-111.9,-103.5,-107.1,-108.9,-106.5,-107.1,-114.1,-108.4,-116.9,-103.6,-110.2,-123.6,-109.4,-116.0,-116.1,-109.3,-118.0,-118.5,-137.6,-112.7,-120.9,-115.4,-114.7,-117.8,-127.3,-122.4,-123.3,-125.7,-122.3,-123.7,-123.9,-122.8,-129.2,-126.8,-125.3,-97.6,-42.3,-109.1,-133.2,-146.3,-140.2,-130.6,-121.4,-97.8,-40.2,-102.9,-120.3,-127.1,-128.6,-125.8,-137.0,-127.5,-116.8,-120.6,-120.9,-124.3,-115.7,-125.6,-122.0,-125.6,-117.4,-123.0,-118.9,-124.6,-118.1,-116.8,-122.0,-122.9,-121.0,-116.9,-109.7,-125.9,-130.7,-120.0,-125.7,-116.6,-117.6,-122.8,-116.7,-122.8,-111.6,-108.2,-110.5,-111.7,-119.6,-116.0,-113.5,-128.2,-110.5,-112.7,-116.2,-111.7,-116.1,-112.2,-116.7,-111.3,-119.4,-118.4,-117.2,-114.3,-114.5,-114.7,-146.8,-113.7,-124.6,-116.9,-120.0,-118.2,-123.2,-110.4,-114.2,-112.0,-119.0,-118.8,-112.4,-112.0,-113.2,-110.3,-113.6,-113.0,-117.7,-130.5,-117.1,-114.5,-116.4,-115.8,-109.9,-112.5,-110.6,-114.6,-115.4,-114.0,-130.3,-113.2,-114.3,-125.0,-121.1,-113.5,-112.9,-120.7,-110.1,-117.5,-117.5,-121.3,-114.6,-116.4,-114.7,-122.7,-113.9,-123.2,-120.5,-119.0,-128.9,-120.3,-121.3,-125.3,-127.5,-138.1
-109.8,-98.2,-95.1,-78.5,-38.3,-47.9,-81.6,-98.8,-98.6,-97.7,-94.4,-105.7,-99.4,-97.8,-101.1,-98.9,-105.9,-102.2,-103.3,-101.5,-122.8,-103.6,-97.7,-109.3,-97.8,-96.5,-105.9,-99.5,-105.6,-100.9,-97.9,-98.3,-104.3,-119.2,-95.0,-102.8,-96.9,-105.0,-102.1,-103.9,-112.9,-106.9,-102.4,-103.6,-104.5,-109.5,-112.8,-96.7,-99.2,-104.3,-105.8,-111.7,-105.2,-99.5,-97.3,-102.4,-134.4,-110.1,-100.5,-115.1,-111.9,-105.7,-108.9,-108.1,-109.2,-102.9,-108.2,-98.4,-103.5,-103.3,-101.3,-105.3,-97.8,-115.4,-101.5,-115.6,-106.9,-107.2,-106.4,-106.2,-120.0,-112.5,-110.0,-115.0,-102.7,-102.2,-105.2,-104.1,-106.7,-123.6,-113.2,-104.5,-107.7,-115.7,-124.0,-110.8,-108.9,-105.6,-117.1,-119.1,-112.6,-111.6,-105.6,-102.0,-111.4,-106.1,-112.4,-115.6,-106.3,-108.0,-110.1,-118.4,-108.0,-114.8,-106.1,-117.3,-123.0,-116.9,-116.8,-118.1,-128.8,-114.9,-114.5,-114.4,-115.5,-119.7,-129.7,-131.6,-131.4,-115.9,-124.0,-120.5,-124.5,-107.4,-69.4,-76.8,-110.8,-123.4,-134.4,-133.6,-129.3,-120.8,-106.6,-58.9,-84.4,-111.5,-122.0,-134.7,-126.0,-135.0,-125.8,-118.9,-114.8,-123.3,-126.8,-121.2,-126.9,-132.4,-116.3,-120.4,-114.1,-115.2,-129.1,-118.4,-118.0,-120.3,-111.5,-130.6,-113.6,-123.3,-122.9,-114.5,-112.5,-116.5,-116.7,-128.4,-115.4,-114.3,-118.0,-116.4,-116.2,-115.8,-112.5,-112.1,-116.3,-130.4,-110.9,-112.0,-115.1,-120.6,-116.4,-119.8,-111.5,-117.1,-117.4,-117.1,-107.9,-110.9,-121.5,-121.9,-127.0,-126.6,-120.5,-117.8,-110.5,-112.8,-115.1,-112.7,-116.9,-108.2,-115.2,-108.2,-120.0,-115.8,-123.0,-109.7,-116.6,-112.4,-110.1,-117.4,-113.9,-128.0,-116.0,-114.9,-109.4,-115.7,-116.3,-121.7,-122.7,-123.8,-113.4,-118.0,-122.6,-123.8,-114.4,-112.7,-115.0,-119.7,-129.5,-119.6,-126.8,-111.2,-113.0,-118.9,-123.4,-118.1,-123.0,-112.6,-122.7,-126.6,-124.0,-117.1,-125.3,-116.6,-130.9,-128.7,-127.7
-97.5,-102.1,-101.5,-94.8,-66.1,-10.2,-73.2,-95.0,-105.2,-103.2,-99.4,-99.3,-107.9,-104.4,-104.4,-100.3,-106.7,-101.1,-106.5,-94.0,-102.8,-99.2,-95.2,-104.5,-108.4,-108.3,-105.4,-98.2,-103.6,-104.0,-102.8,-123.5,-99.2,-97.8,-97.8,-103.4,-96.4,-101.5,-98.9,-106.5,-107.7,-97.4,-104.3,-108.1,-99.0,-98.1,-98.1,-101.5,-103.8,-121.5,-100.5,-98.7,-108.3,-104.8,-107.7,-98.0,-108.6,-109.2,-101.8,-100.8,-104.3,-110.6,-97.5,-98.0,-105.3,-97.7,-109.3,-103.6,-104.0,-107.6,-107.2,-105.1,-101.7,-107.0,-99.0,-107.0,-108.2,-102.7,-105.6,-106.2,-103.6,-106.3,-108.4,-115.2,-102.8,-110.5,-109.0,-108.3,-102.5,-108.9,-104.7,-108.3,-102.5,-102.5,-105.6,-106.0,-110.2,-109.5,-105.1,-109.1,-114.3,-106.5,-111.0,-105.4,-123.1,-105.6,-113.2,-116.7,-119.1,-113.8,-116.6,-115.4,-115.9,-120.4,-116.1,-120.5,-109.7,-113.4,-119.8,-112.6,-115.3,-123.5,-127.5,-115.6,-121.8,-124.9,-118.8,-125.1,-119.0,-120.6,-128.9,-132.3,-133.4,-99.2,-35.7,-100.4,-123.6,-141.0,-148.0,-142.2,-143.0,-125.1,-115.7,-89.6,-47.4,-104.6,-120.6,-132.8,-137.5,-124.6,-129.0,-120.8,-130.0,-121.2,-123.1,-131.3,-115.4,-121.5,-110.9,-137.4,-113.5,-121.9,-125.2,-119.6,-119.7,-122.9,-111.1,-124.8,-114.5,-117.9,-119.3,-112.6,-118.3,-111.1,-112.2,-112.6,-112.4,-119.2,-123.4,-112.8,-115.7,-118.5,-120.3,-114.2,-111.9,-113.9,-127.3,-120.4,-110.1,-112.1,-110.3,-112.7,-114.5,-114.7,-108.1,-112.1,-122.5,-113.1,-116.3,-121.2,-117.8,-111.3,-108.2,-117.8,-111.1,-126.4,-122.2,-113.6,-122.4,-122.9,-107.5,-109.8,-109.6,-115.1,-113.9,-116.8,-119.0,-113.0,-124.2,-120.8,-116.5,-125.7,-119.6,-118.5,-118.4,-117.3,-122.2,-111.7,-117.4,-116.4,-118.9,-110.4,-110.8,-122.3,-112.4,-115.9,-115.4,-115.9,-117.8,-123.4,-116.5,-116.1,-118.1,-121.3,-112.2,-124.3,-126.7,-124.5,-138.7,-126.0,-116.2,-129.7,-124.2,-135.1,-126.9,-133.9,-122.6
-116.8,-111.6,-104.8,-94.5,-80.9,-32.4,-48.8,-84.2,-97.8,-98.9,-97.2,-101.2,-101.9,-98.7,-102.3,-99.4,-103.3,-106.0,-103.5,-99.5,-102.1,-101.1,-105.4,-100.4,-105.6,-101.2,-108.8,-101.0,-98.2,-100.7,-106.6,-109.1,-96.2,-111.4,-97.7,-102.6,-106.7,-107.6,-108.7,-96.3,-97.2,-104.3,-106.1,-100.3,-104.0,-96.7,-97.9,-104.4,-102.6,-100.6,-100.8,-100.2,-102.9,-101.1,-103.4,-108.9,-115.5,-124.1,-98.6,-105.5,-106.2,-98.3,-99.4,-113.4,-106.3,-111.9,-112.0,-107.5,-101.0,-105.3,-107.9,-117.3,-110.3,-111.5,-103.9,-106.6,-122.6,-102.4,-102.0,-103.8,-103.9,-102.1,-110.1,-107.7,-113.6,-102.8,-113.3,-104.5,-106.8,-103.2,-109.1,-112.9,-104.1,-111.6,-102.6,-112.5,-105.7,-109.9,-104.5,-105.3,-102.6,-108.0,-107.8,-120.2,-124.3,-118.6,-112.5,-106.9,-117.6,-124.0,-123.0,-116.8,-113.7,-115.7,-113.9,-110.9,-111.1,-129.2,-123.6,-117.8,-123.1,-115.0,-126.6,-117.1,-114.5,-117.3,-122.2,-119.9,-123.6,-120.4,-119.3,-131.0,-112.0,-68.0,-70.1,-112.7,-135.0,-138.8,-141.9,-141.6,-136.6,-130.5,-121.9,-104.5,-51.5,-83.3,-114.1,-126.4,-126.4,-121.5,-119.2,-123.8,-117.4,-124.2,-122.6,-130.2,-130.3,-125.3,-116.5,-121.9,-120.1,-132.6,-123.7,-120.9,-113.7,-122.3,-113.6,-113.1,-113.4,-115.7,-135.3,-114.4,-117.6,-111.3,-115.6,-130.9,-113.8,-119.2,-131.6,-122.6,-118.0,-114.2,-123.2,-113.0,-112.2,-109.5,-116.9,-115.3,-116.6,-117.2,-112.1,-111.0,-114.4,-114.4,-135.5,-128.3,-116.8,-111.0,-114.5,-115.2,-122.7,-112.3,-113.4,-110.3,-122.6,-117.4,-114.2,-107.9,-112.7,-119.5,-110.7,-116.2,-118.3,-109.8,-111.0,-115.2,-113.6,-117.2,-112.3,-116.8,-114.8,-112.3,-116.7,-120.1,-112.9,-137.3,-110.3,-129.3,-110.6,-116.1,-117.6,-110.3,-115.9,-116.8,-115.9,-121.0,-117.0,-108.9,-113.6,-114.1,-113.6,-113.2,-117.1,-118.0,-128.6,-118.2,-116.0,-122.1,-125.5,-130.7,-124.0,-121.5,-119.3,-121.8,-119.6,-123.5,-132.0
-104.4,-96.5,-107.0,-102.2,-86.0,-64.5,-7.9,-67.3,-85.8,-96.8,-95.7,-100.4,-98.4,-98.9,-99.7,-102.0,-95.1,-101.6,-100.8,-100.9,-98.3,-99.3,-97.9,-99.5,-96.1,-96.4,-100.9,-106.2,-99.3,-103.6,-104.9,-107.1,-115.1,-109.4,-97.0,-101.2,-103.7,-97.5,-111.2,-99.3,-101.0,-100.6,-102.8,-97.1,-103.9,-102.6,-107.6,-103.8,-107.0,-96.7,-102.5,-101.9,-107.7,-96.6,-103.0,-107.9,-102.8,-107.1,-98.2,-98.8,-104.3,-99.7,-103.3,-112.9,-104.5,-102.7,-115.9,-100.1,-103.5,-102.0,-101.4,-113.5,-103.5,-106.5,-114.5,-106.4,-120.7,-100.0,-102.4,-105.3,-104.8,-99.5,-106.2,-103.9,-105.6,-106.4,-105.5,-106.5,-105.5,-101.7,-101.0,-107.9,-106.7,-120.2,-109.4,-109.0,-105.8,-104.8,-106.9,-105.1,-107.9,-114.9,-106.6,-109.2,-116.7,-109.8,-114.3,-114.2,-122.6,-115.6,-112.8,-109.6,-110.1,-118.9,-113.1,-112.4,-122.2,-121.6,-117.1,-120.9,-117.5,-118.5,-112.7,-111.6,-127.6,-115.7,-120.4,-116.8,-117.9,-117.9,-131.2,-112.9,-89.9,-35.4,-95.3,-115.8,-123.8,-129.9,-134.6,-140.6,-134.2,-131.7,-127.3,-117.1,-89.1,-40.5,-99.5,-121.1,-124.2,-131.6,-141.8,-130.2,-128.5,-123.9,-119.7,-116.7,-122.5,-133.5,-123.5,-116.6,-120.9,-113.2,-114.0,-116.0,-111.4,-119.8,-122.1,-116.0,-122.8,-117.1,-121.2,-115.0,-111.4,-111.4,-113.6,-114.5,-111.4,-115.8,-116.8,-110.5,-116.3,-113.7,-113.5,-117.2,-118.7,-121.1,-120.5,-127.9,-116.4,-129.3,-114.8,-119.8,-112.8,-123.8,-118.1,-126.7,-115.1,-115.8,-114.4,-121.8,-112.1,-114.3,-123.3,-111.3,-110.7,-117.6,-117.2,-111.7,-116.2,-113.3,-120.2,-121.4,-118.3,-119.1,-111.6,-116.3,-111.7,-112.5,-116.6,-122.1,-112.5,-116.1,-117.2,-114.6,-116.6,-118.2,-115.2,-112.7,-112.5,-113.4,-125.7,-126.2,-142.9,-123.1,-117.5,-119.4,-114.7,-116.7,-109.7,-112.8,-124.8,-116.5,-112.8,-123.2,-117.2,-121.4,-122.6,-124.3,-127.1,-119.0,-118.1,-120.8,-125.2,-120.0,-126.9,-126.8,-127.9
-96.8,-100.4,-96.4,-114.4,-97.1,-80.0,-42.8,-32.1,-77.1,-89.4,-99.5,-104.7,-100.2,-96.7,-101.9,-97.1,-101.0,-96.3,-102.8,-105.1,-99.0,-104.2,-96.8,-110.3,-100.9,-100.1,-112.3,-105.7,-109.5,-98.8,-93.5,-100.7,-102.5,-97.3,-100.9,-99.8,-103.3,-101.1,-105.5,-100.7,-100.4,-99.8,-111.9,-97.5,-107.4,-106.0,-106.1,-106.2,-108.2,-104.1,-111.9,-110.9,-103.8,-102.5,-106.4,-98.7,-103.5,-99.5,-97.9,-99.4,-100.3,-107.6,-106.3,-108.9,-111.0,-106.8,-107.0,-97.7,-107.7,-115.8,-108.9,-104.6,-99.8,-106.4,-119.4,-102.8,-109.2,-109.3,-123.4,-108.1,-100.6,-100.5,-102.5,-108.3,-102.9,-118.5,-121.8,-108.4,-108.7,-109.4,-128.2,-113.7,-115.1,-110.1,-112.8,-122.5,-106.5,-112.3,-106.8,-102.8,-110.8,-108.5,-107.0,-120.8,-105.4,-111.2,-119.3,-110.9,-110.7,-111.4,-107.6,-113.6,-117.6,-119.1,-115.3,-113.5,-124.8,-111.3,-116.9,-114.0,-124.7,-119.1,-120.0,-124.4,-119.0,-117.3,-116.0,-125.7,-121.7,-119.8,-117.3,-100.0,-49.4,-76.5,-108.8,-121.4,-127.5,-133.6,-137.6,-140.3,-135.6,-131.9,-127.5,-119.2,-104.8,-61.7,-67.0,-105.6,-127.8,-132.4,-131.0,-122.2,-129.6,-119.6,-117.9,-120.7,-118.5,-130.7,-122.6,-119.1,-115.6,-119.1,-129.0,-119.7,-119.7,-118.9,-125.2,-120.0,-118.3,-108.9,-116.2,-122.3,-109.0,-115.4,-117.0,-112.9,-114.8,-114.2,-119.0,-121.6,-109.3,-119.2,-113.0,-113.9,-119.6,-111.0,-122.1,-114.9,-117.7,-126.2,-121.2,-110.6,-112.7,-114.5,-114.7,-117.3,-119.5,-112.3,-118.9,-110.5,-114.2,-114.2,-121.4,-126.1,-112.1,-120.4,-112.8,-108.2,-128.9,-118.6,-111.9,-113.0,-109.5,-117.8,-112.7,-118.8,-114.7,-127.0,-123.1,-109.8,-110.9,-111.5,-120.0,-116.5,-116.8,-112.9,-127.3,-123.1,-123.8,-120.7,-122.4,-133.7,-121.4,-139.0,-127.4,-123.6,-119.6,-110.1,-111.9,-117.2,-113.9,-111.0,-122.2,-112.9,-116.1,-124.7,-116.0,-120.6,-138.9,-114.7,-117.5,-124.4,-123.2,-126.9,-118.6,-134.2,-123.9
-102.6,-98.0,-94.7,-103.8,-116.1,-93.2,-74.8,-17.1,-53.0,-90.7,-102.5,-99.7,-94.6,-112.8,-102.3,-96.9,-98.7,-103.9,-98.5,-105.6,-98.3,-100.5,-95.6,-104.9,-97.7,-101.6,-99.6,-124.4,-101.0,-118.1,-97.2,-100.5,-103.0,-117.3,-102.3,-94.4,-101.0,-110.3,-94.6,-100.5,-102.6,-110.6,-107.5,-101.2,-97.1,-101.0,-103.1,-100.3,-98.5,-103.3,-103.6,-103.0,-98.3,-100.5,-106.3,-108.7,-99.9,-104.2,-112.6,-102.3,-111.0,-105.2,-111.2,-108.1,-99.7,-106.3,-101.8,-112.4,-102.3,-102.7,-107.2,-97.9,-104.6,-107.4,-106.4,-104.1,-107.8,-108.6,-104.8,-115.7,-106.0,-104.8,-103.4,-108.5,-112.8,-114.2,-108.3,-105.4,-113.0,-114.6,-101.4,-102.7,-109.3,-114.5,-108.1,-109.3,-106.3,-116.0,-115.9,-113.6,-112.4,-108.2,-114.1,-107.1,-104.8,-115.1,-124.2,-109.0,-122.8,-112.8,-114.5,-112.5,-113.1,-116.1,-112.4,-114.5,-119.1,-112.4,-132.9,-112.8,-119.2,-120.6,-116.0,-114.9,-111.6,-136.4,-122.1,-120.4,-117.9,-121.3,-107.7,-70.6,-50.5,-103.3,-122.5,-131.7,-139.6,-135.2,-139.8,-153.5,-146.3,-130.8,-146.4,-139.1,-122.3,-97.6,-37.3,-84.7,-111.0,-127.6,-123.9,-116.9,-128.0,-121.0,-124.8,-121.7,-120.0,-114.2,-122.6,-115.4,-113.8,-115.5,-123.5,-113.5,-130.0,-115.5,-135.2,-132.5,-117.5,-112.4,-113.2,-117.3,-120.4,-130.2,-114.7,-115.2,-115.4,-113.0,-113.4,-117.8,-115.5,-119.9,-111.0,-108.3,-114.0,-121.9,-120.7,-117.2,-118.5,-126.4,-108.7,-112.6,-111.4,-118.4,-118.6,-110.9,-120.3,-114.9,-112.3,-112.5,-112.2,-124.2,-117.8,-115.2,-120.8,-113.4,-113.8,-114.7,-108.2,-116.8,-109.5,-110.0,-121.8,-121.2,-125.2,-114.2,-132.2,-117.6,-116.2,-110.8,-116.0,-108.5,-117.7,-115.6,-131.6,-116.7,-119.2,-112.3,-117.6,-106.8,-109.7,-114.7,-117.9,-121.8,-119.2,-115.4,-114.7,-123.7,-120.2,-120.1,-116.3,-126.5,-118.1,-119.0,-127.8,-121.6,-116.2,-120.9,-121.6,-122.0,-127.3,-116.9,-121.1,-122.9,-124.7,-127.3,-135.6
-98.4,-105.4,-106.3,-102.2,-98.6,-95.0,-93.3,-64.0,-8.2,-63.9,-87.5,-103.3,-94.2,-118.0,-96.9,-97.2,-99.4,-102.7,-112.1,-98.6,-98.4,-97.3,-105.2,-100.3,-100.0,-100.4,-100.7,-100.9,-101.4,-104.7,-96.1,-94.6,-99.4,-110.9,-117.2,-103.3,-103.8,-102.5,-109.0,-97.7,-98.7,-97.7,-100.7,-100.3,-112.7,-103.6,-101.5,-105.5,-104.2,-116.5,-105.1,-109.4,-101.5,-102.7,-108.6,-106.5,-108.9,-109.6,-103.9,-110.1,-106.7,-103.8,-112.2,-102.2,-101.3,-101.8,-99.9,-115.2,-123.0,-102.6,-97.9,-101.3,-102.7,-101.9,-106.1,-101.5,-104.8,-113.7,-105.3,-107.3,-109.0,-111.5,-108.8,-117.2,-108.1,-104.9,-108.8,-104.8,-108.1,-110.3,-109.9,-107.8,-120.3,-112.9,-107.1,-105.2,-113.0,-107.8,-103.6,-108.7,-107.9,-122.7,-109.1,-108.9,-116.6,-115.5,-115.2,-111.4,-106.0,-112.1,-116.8,-112.6,-116.4,-118.9,-113.9,-123.4,-112.4,-121.3,-114.3,-115.6,-113.3,-123.9,-117.9,-116.1,-121.2,-115.4,-119.9,-118.2,-119.3,-112.5,-82.2,-34.3,-93.1,-116.8,-124.6,-125.8,-129.3,-136.5,-141.7,-150.6,-142.6,-137.9,-135.6,-128.0,-125.5,-111.6,-84.4,-35.7,-93.3,-128.4,-124.5,-125.3,-123.0,-123.8,-113.5,-116.9,-128.1,-127.8,-117.8,-121.2,-117.8,-132.8,-116.0,-110.6,-116.1,-122.7,-114.0,-117.6,-122.2,-109.7,-112.8,-112.2,-118.6,-126.1,-114.4,-124.6,-119.9,-113.4,-114.6,-112.2,-122.0,-116.2,-111.5,-124.0,-121.7,-115.3,-113.6,-127.5,-122.1,-121.2,-120.7,-112.7,-118.6,-115.7,-122.5,-110.5,-115.3,-118.6,-113.1,-114.9,-118.8,-118.8,-112.7,-115.8,-108.4,-112.7,-113.3,-116.2,-128.6,-111.7,-108.9,-109.6,-117.7,-115.7,-107.9,-121.5,-126.9,-113.3,-123.2,-112.0,-126.9,-115.4,-121.0,-125.1,-116.3,-125.7,-113.2,-111.8,-123.8,-112.7,-117.1,-123.8,-113.4,-117.8,-112.3,-121.4,-126.6,-115.1,-122.5,-121.8,-125.3,-121.3,-113.2,-127.4,-116.4,-126.8,-118.2,-127.0,-126.5,-119.8,-117.2,-122.0,-124.5,-124.6,-127.9,-123.2,-132.4
-97.0,-99.2,-101.3,-100.8,-103.0,-107.1,-91.7,-83.0,-52.9,-12.7,-67.6,-89.0,-100.2,-109.0,-95.3,-96.8,-97.9,-96.1,-110.3,-99.0,-106.2,-97.1,-105.9,-100.7,-98.4,-98.4,-99.3,-101.7,-101.7,-99.7,-102.5,-109.7,-97.2,-103.8,-99.0,-101.2,-97.3,-108.0,-107.5,-103.9,-116.8,-99.8,-105.6,-100.1,-100.6,-102.7,-97.3,-113.4,-105.5,-99.3,-106.0,-99.2,-100.2,-110.7,-103.3,-105.6,-98.5,-103.2,-122.9,-110.4,-106.7,-100.2,-102.8,-101.6,-104.6,-117.4,-129.9,-116.7,-97.5,-104.5,-101.9,-100.6,-111.6,-117.8,-107.0,-101.6,-113.5,-101.0,-103.5,-109.6,-105.6,-108.9,-107.0,-101.8,-108.3,-112.2,-115.1,-106.9,-101.9,-113.2,-104.3,-114.9,-126.1,-106.8,-108.3,-107.0,-113.3,-124.6,-111.0,-113.4,-112.6,-123.1,-108.5,-106.5,-111.0,-114.5,-111.1,-112.2,-119.5,-114.1,-124.6,-120.2,-119.0,-116.5,-115.6,-112.8,-114.0,-119.3,-114.9,-117.0,-115.0,-126.2,-118.5,-111.8,-118.3,-114.0,-151.2,-120.6,-108.5,-86.8,-32.6,-82.2,-108.8,-119.3,-125.9,-138.6,-132.8,-144.3,-137.1,-145.2,-142.7,-142.5,-135.5,-139.7,-123.7,-124.4,-107.2,-71.3,-42.7,-95.5,-116.9,-118.1,-123.0,-131.5,-118.6,-122.9,-115.7,-134.3,-120.7,-121.7,-114.1,-121.9,-119.9,-113.5,-116.4,-116.5,-118.9,-120.1,-110.3,-114.0,-117.4,-111.7,-110.4,-112.5,-117.4,-116.2,-119.5,-116.7,-117.7,-116.1,-111.7,-113.9,-110.7,-113.5,-116.9,-112.9,-127.9,-119.2,-108.1,-115.2,-120.2,-112.3,-123.3,-117.2,-111.2,-117.6,-119.6,-123.8,-128.1,-111.6,-112.4,-113.4,-110.8,-112.5,-116.0,-117.5,-109.8,-111.6,-113.3,-108.6,-132.1,-116.7,-118.3,-109.3,-109.4,-114.9,-109.4,-113.6,-116.2,-113.4,-111.8,-122.2,-114.5,-117.3,-118.9,-116.3,-121.1,-113.3,-116.5,-116.9,-131.1,-126.7,-119.2,-117.2,-129.0,-139.8,-121.9,-131.6,-124.5,-127.4,-114.9,-121.4,-120.4,-92.8,-124.3,-113.2,-117.5,-122.2,-122.2,-127.2,-131.0,-122.4,-134.6,-128.2,-124.3,-137.4,-125.8
-111.0,-105.9,-97.6,-106.0,-107.3,-100.4,-101.3,-97.4,-83.2,-45.7,-16.4,-70.6,-102.2,-98.4,-99.5,-101.2,-121.6,-102.5,-97.1,-109.7,-99.2,-107.6,-99.5,-102.7,-101.3,-98.6,-100.0,-104.0,-96.8,-104.2,-105.7,-108.0,-96.9,-99.6,-99.9,-100.7,-104.5,-107.9,-103.9,-104.3,-124.1,-103.6,-100.7,-102.0,-99.9,-102.8,-109.3,-106.2,-99.3,-109.2,-100.2,-102.4,-119.2,-110.7,-96.1,-96.7,-96.6,-108.4,-99.8,-103.2,-99.2,-106.0,-107.4,-102.8,-104.4,-107.4,-118.5,-108.3,-103.1,-109.8,-102.4,-118.8,-98.5,-102.2,-115.0,-114.6,-104.8,-125.7,-107.3,-103.6,-104.7,-114.5,-108.4,-101.8,-103.1,-102.6,-143.0,-110.2,-107.1,-115.4,-107.9,-112.6,-108.8,-111.4,-117.2,-104.1,-107.1,-108.7,-108.4,-115.0,-117.4,-115.1,-114.2,-108.0,-111.0,-113.7,-107.2,-109.8,-117.5,-118.7,-110.5,-114.8,-126.4,-110.3,-110.8,-119.4,-114.4,-113.0,-128.5,-114.0,-119.8,-112.8,-117.2,-119.8,-120.7,-119.5,-119.4,-108.7,-87.7,-34.1,-75.1,-108.1,-122.6,-118.2,-134.2,-135.1,-137.1,-133.7,-159.9,-154.6,-149.7,-139.7,-138.4,-131.7,-143.1,-126.6,-125.7,-104.9,-62.4,-46.0,-96.9,-113.9,-118.9,-124.4,-122.3,-124.8,-124.7,-116.4,-126.8,-123.6,-119.6,-117.4,-128.3,-115.5,-121.1,-113.9,-125.2,-110.1,-124.9,-117.5,-126.1,-113.2,-115.2,-113.2,-114.3,-113.6,-116.3,-115.1,-116.7,-115.8,-123.5,-116.5,-115.6,-115.1,-116.2,-118.8,-112.0,-111.6,-110.7,-111.1,-115.0,-127.9,-118.6,-112.5,-108.8,-111.1,-120.4,-108.3,-110.0,-111.5,-121.0,-114.1,-113.2,-112.5,-113.2,-112.8,-107.2,-108.4,-112.2,-114.7,-120.9,-106.2,-111.2,-121.3,-118.2,-125.6,-121.7,-113.4,-114.1,-122.2,-117.9,-114.7,-117.8,-108.0,-114.0,-121.8,-117.2,-113.5,-131.0,-117.6,-130.8,-109.8,-117.9,-126.7,-113.7,-117.4,-120.3,-115.9,-125.0,-121.9,-116.7,-119.0,-111.3,-112.4,-84.4,-115.2,-116.3,-135.2,-116.8,-115.9,-129.0,-118.1,-118.4,-121.6,-123.3,-128.4,-139.5
-101.2,-98.8,-106.3,-99.5,-99.2,-102.8,-115.4,-94.5,-91.0,-82.3,-43.5,-15.5,-68.9,-91.4,-94.2,-99.3,-96.9,-112.3,-96.5,-100.8,-101.3,-99.7,-109.3,-94.1,-113.4,-105.0,-102.4,-95.5,-96.8,-101.2,-104.6,-106.7,-101.5,-105.3,-112.6,-108.2,-104.8,-100.2,-99.3,-97.3,-98.3,-99.3,-98.4,-106.6,-96.7,-97.4,-104.2,-109.6,-106.7,-101.8,-117.8,-101.8,-101.3,-94.3,-118.9,-101.7,-99.7,-103.3,-100.5,-113.1,-109.5,-108.4,-108.9,-99.8,-111.3,-102.5,-113.5,-101.8,-102.1,-101.4,-120.5,-109.0,-105.8,-116.1,-120.2,-109.5,-103.2,-110.8,-117.7,-104.8,-108.6,-102.4,-103.4,-113.3,-105.4,-111.8,-100.1,-111.3,-116.0,-110.2,-108.1,-105.2,-115.9,-110.4,-102.2,-107.1,-115.6,-106.4,-104.4,-104.5,-106.8,-112.7,-110.4,-116.3,-112.5,-126.0,-111.7,-116.5,-117.8,-112.8,-115.3,-108.7,-111.0,-116.2,-115.5,-124.3,-119.9,-117.6,-115.4,-122.6,-113.7,-114.4,-121.6,-114.7,-115.4,-120.6,-110.4,-84.8,-33.0,-72.1,-105.1,-123.0,-125.0,-131.4,-134.4,-131.3,-135.8,-147.5,-146.6,-154.2,-144.0,-159.2,-130.1,-131.4,-127.4,-148.8,-121.7,-130.8,-103.6,-59.5,-43.6,-94.6,-118.3,-120.7,-120.3,-117.2,-118.8,-113.3,-119.7,-119.3,-111.7,-125.1,-109.9,-114.6,-118.0,-119.1,-116.5,-112.5,-121.1,-117.9,-118.9,-115.4,-116.0,-117.4,-121.2,-112.8,-115.7,-112.9,-118.7,-121.9,-115.5,-112.4,-114.0,-111.4,-110.9,-113.6,-136.9,-114.0,-113.7,-114.8,-118.3,-113.4,-106.9,-121.7,-113.6,-109.7,-121.3,-115.6,-117.9,-110.9,-125.0,-114.7,-109.8,-114.8,-107.0,-114.1,-111.7,-109.6,-108.9,-125.2,-123.1,-130.5,-118.5,-126.1,-121.0,-113.2,-115.7,-110.8,-114.8,-118.7,-113.4,-113.9,-115.0,-111.8,-113.1,-114.4,-111.7,-119.1,-114.6,-115.3,-115.1,-125.7,-114.8,-108.8,-122.6,-117.8,-121.4,-116.8,-113.4,-124.0,-117.4,-119.7,-127.7,-113.5,-116.1,-77.3,-124.4,-117.5,-116.8,-122.2,-118.7,-123.7,-125.3,-119.1,-129.6,-126.7,-142.8
-97.3,-98.1,-120.2,-104.4,-99.3,-104.5,-105.7,-95.6,-106.0,-97.1,-82.7,-47.4,-11.6,-61.9,-87.7,-99.1,-111.4,-101.7,-105.1,-99.6,-105.1,-100.4,-102.0,-96.8,-97.5,-100.1,-102.2,-107.9,-107.7,-100.4,-106.4,-101.4,-101.4,-101.7,-96.9,-98.0,-110.2,-102.7,-107.4,-108.4,-101.0,-102.9,-108.8,-102.5,-105.6,-101.5,-102.1,-106.9,-94.0,-102.7,-101.4,-103.6,-97.0,-102.6,-113.5,-105.7,-107.8,-101.4,-98.9,-98.3,-97.7,-104.1,-105.2,-108.7,-108.0,-104.6,-103.5,-115.8,-111.2,-100.0,-110.5,-105.8,-105.2,-108.2,-104.3,-112.4,-103.5,-100.0,-101.9,-103.5,-105.1,-106.1,-109.0,-106.5,-103.3,-109.4,-126.4,-103.5,-104.4,-111.1,-106.4,-105.3,-109.4,-117.1,-117.8,-115.7,-107.7,-110.8,-110.2,-109.2,-116.7,-116.6,-114.9,-117.3,-105.4,-105.4,-111.0,-112.1,-120.0,-114.0,-114.4,-112.7,-115.1,-119.8,-116.9,-118.3,-113.2,-116.3,-109.9,-119.4,-108.3,-118.5,-123.3,-128.8,-112.5,-106.1,-77.1,-30.7,-74.4,-103.9,-116.4,-122.5,-123.8,-139.5,-142.1,-131.3,-132.1,-135.5,-148.1,-153.1,-137.3,-138.8,-130.3,-127.3,-130.8,-143.3,-124.9,-126.2,-119.7,-103.6,-63.2,-37.0,-88.5,-112.4,-138.8,-122.6,-114.0,-133.0,-119.9,-134.6,-117.6,-118.2,-116.3,-111.9,-121.6,-134.7,-116.2,-117.8,-115.2,-120.3,-125.9,-120.7,-118.3,-108.6,-112.6,-119.8,-114.2,-144.8,-116.1,-109.1,-110.6,-114.3,-119.1,-112.8,-112.7,-114.3,-110.2,-109.1,-126.8,-113.2,-117.2,-111.3,-110.7,-134.6,-124.9,-118.5,-115.6,-107.4,-109.7,-108.5,-112.1,-113.2,-114.1,-112.0,-111.3,-112.4,-122.7,-114.8,-107.1,-122.6,-114.2,-111.2,-137.2,-114.1,-115.9,-110.7,-112.4,-131.7,-115.7,-128.1,-118.3,-119.0,-110.9,-110.2,-116.9,-118.4,-117.6,-114.8,-119.1,-119.6,-128.3,-115.5,-113.7,-128.3,-115.4,-115.0,-117.9,-117.0,-114.8,-118.5,-131.6,-115.9,-121.1,-116.3,-118.7,-114.9,-71.5,-111.5,-123.4,-127.5,-123.7,-120.1,-130.2,-117.8,-128.8,-121.1,-121.4
-105.1,-102.2,-100.3,-100.5,-99.7,-100.2,-105.9,-102.3,-99.0,-102.7,-97.4,-84.8,-56.2,-10.5,-48.9,-81.5,-92.2,-99.4,-103.2,-94.0,-98.3,-96.4,-99.7,-104.3,-94.0,-102.4,-104.2,-123.9,-100.6,-96.2,-102.7,-104.6,-102.1,-96.6,-97.2,-100.4,-103.1,-104.5,-101.9,-102.0,-109.2,-100.2,-100.8,-106.4,-106.9,-103.7,-104.5,-107.9,-101.4,-96.0,-108.3,-100.6,-102.9,-100.4,-99.0,-116.1,-97.0,-106.7,-115.5,-109.6,-101.0,-102.9,-98.4,-98.8,-123.1,-103.3,-105.2,-104.9,-105.1,-99.2,-102.3,-104.3,-104.9,-99.9,-106.6,-105.2,-100.0,-106.9,-107.6,-99.8,-111.8,-113.2,-107.7,-103.2,-111.4,-102.3,-101.2,-104.5,-111.5,-109.5,-111.8,-111.1,-111.3,-107.7,-113.5,-113.4,-115.1,-111.4,-113.6,-112.9,-108.6,-111.7,-108.8,-114.0,-107.7,-105.8,-106.0,-112.4,-109.5,-118.1,-110.8,-107.8,-114.7,-119.4,-122.3,-113.7,-113.7,-109.8,-114.7,-121.2,-110.5,-117.9,-115.2,-112.6,-99.0,-62.2,-31.7,-81.2,-106.1,-118.3,-121.1,-122.8,-142.7,-128.8,-130.2,-134.6,-129.8,-134.6,-140.4,-158.8,-146.6,-140.6,-139.6,-131.2,-133.2,-125.2,-124.8,-118.2,-129.6,-116.1,-104.4,-72.4,-31.8,-75.4,-104.5,-132.0,-119.0,-115.9,-122.7,-114.0,-113.7,-131.8,-120.8,-113.1,-118.5,-114.3,-122.3,-123.3,-112.1,-114.3,-123.7,-113.0,-118.2,-113.7,-118.1,-113.5,-122.5,-117.6,-113.1,-113.7,-111.8,-119.1,-121.3,-119.6,-118.8,-112.6,-119.2,-112.5,-108.8,-123.8,-115.7,-119.1,-123.4,-113.8,-113.2,-108.3,-127.1,-114.1,-109.8,-116.0,-114.0,-108.4,-115.3,-116.5,-108.9,-128.0,-115.2,-110.3,-111.1,-114.1,-112.5,-113.7,-106.7,-115.7,-110.9,-118.5,-113.4,-115.0,-108.1,-116.8,-133.4,-124.8,-119.1,-113.9,-115.2,-111.1,-112.0,-121.3,-114.8,-113.0,-127.3,-122.2,-110.5,-135.2,-134.6,-117.8,-117.1,-121.6,-114.4,-112.9,-125.7,-122.3,-120.6,-113.2,-124.5,-113.7,-129.8,-70.7,-88.6,-127.6,-115.8,-118.1,-130.1,-129.5,-152.8,-124.5,-117.6
-104.2,-106.7,-96.7,-103.0,-98.2,-99.9,-101.9,-111.1,-97.6,-98.6,-107.5,-95.1,-88.8,-68.1,-19.1,-27.2,-72.8,-86.8,-106.7,-104.6,-103.6,-93.6,-94.4,-98.0,-95.8,-109.5,-98.5,-102.9,-99.3,-102.9,-96.4,-101.1,-105.7,-104.3,-101.6,-98.6,-104.2,-99.7,-108.3,-98.0,-103.6,-108.9,-103.3,-96.6,-103.0,-104.1,-100.3,-102.6,-96.3,-101.0,-111.0,-99.9,-109.9,-99.2,-102.5,-97.5,-108.7,-102.5,-105.5,-101.0,-125.9,-110.3,-127.6,-114.1,-103.7,-99.9,-114.8,-108.4,-104.6,-100.9,-102.0,-123.0,-123.5,-105.0,-118.4,-106.1,-115.0,-105.1,-110.9,-102.9,-100.6,-103.1,-107.3,-107.9,-103.5,-110.1,-101.9,-107.9,-104.2,-122.1,-104.9,-111.3,-104.4,-105.0,-112.3,-110.2,-107.2,-119.2,-138.4,-103.3,-107.8,-110.5,-128.6,-118.4,-106.8,-114.6,-117.1,-118.6,-107.6,-113.0,-115.6,-111.9,-126.3,-113.9,-118.0,-110.1,-112.7,-108.8,-111.7,-112.8,-120.4,-115.0,-112.8,-87.7,-40.3,-43.2,-90.9,-113.2,-121.3,-124.3,-117.1,-121.9,-134.0,-121.8,-130.6,-132.3,-131.5,-139.8,-142.8,-153.0,-143.2,-131.7,-135.3,-128.3,-131.6,-134.5,-123.8,-122.9,-128.4,-128.4,-121.9,-108.8,-84.5,-35.7,-53.4,-95.2,-126.8,-123.8,-119.5,-124.5,-110.9,-118.0,-113.3,-115.3,-120.2,-116.2,-122.5,-116.9,-114.4,-110.3,-118.4,-117.4,-119.5,-112.2,-115.8,-118.2,-115.0,-111.5,-112.8,-120.5,-123.4,-118.9,-110.4,-123.8,-113.4,-116.8,-111.6,-107.7,-126.6,-122.7,-114.4,-113.8,-110.4,-111.2,-117.7,-118.6,-113.3,-116.2,-123.3,-115.5,-121.3,-114.5,-120.6,-111.8,-109.7,-116.3,-122.0,-112.1,-112.1,-117.3,-114.8,-114.3,-115.1,-111.5,-119.1,-127.1,-112.2,-120.1,-107.6,-112.6,-109.7,-118.8,-124.3,-119.7,-121.7,-113.5,-110.9,-114.0,-116.1,-108.8,-119.4,-110.7,-115.2,-114.7,-125.7,-119.1,-124.6,-116.2,-108.9,-124.7,-116.2,-116.3,-120.9,-114.5,-116.9,-119.1,-125.3,-114.9,-80.5,-64.2,-109.4,-140.8,-121.0,-120.7,-120.9,-122.9,-126.9
-104.3,-103.4,-95.5,-97.3,-101.7,-97.5,-98.9,-102.5,-98.8,-95.9,-105.5,-99.0,-98.3,-96.3,-80.3,-42.0,-11.6,-51.4,-82.1,-96.4,-98.7,-95.4,-98.0,-103.2,-102.6,-104.6,-97.4,-119.3,-114.5,-104.6,-108.2,-101.1,-99.1,-103.9,-98.3,-96.5,-106.5,-96.5,-109.8,-102.7,-94.4,-103.3,-99.1,-99.2,-104.1,-106.4,-109.0,-103.7,-108.5,-98.9,-100.0,-107.9,-106.5,-103.1,-103.7,-94.8,-94.1,-109.3,-101.2,-101.6,-105.6,-102.4,-106.7,-100.3,-115.5,-116.0,-100.8,-98.4,-105.2,-118.2,-113.0,-108.9,-97.3,-103.5,-108.8,-121.7,-97.7,-104.6,-105.0,-107.6,-104.7,-111.1,-104.0,-98.7,-103.4,-102.5,-110.8,-127.2,-105.1,-108.7,-104.3,-105.7,-108.1,-116.8,-110.6,-112.7,-103.4,-107.0,-118.2,-102.8,-103.6,-120.4,-105.3,-117.9,-109.1,-111.1,-107.6,-109.4,-111.2,-124.2,-110.3,-133.3,-112.9,-113.1,-111.2,-113.7,-117.1,-111.3,-114.9,-127.0,-111.2,-101.2,-63.2,-29.0,-66.1,-99.9,-116.5,-129.0,-121.7,-120.8,-122.8,-123.7,-123.2,-133.7,-133.8,-137.0,-131.5,-132.0,-148.3,-157.6,-141.6,-134.3,-132.8,-155.7,-127.3,-123.9,-130.0,-125.5,-117.9,-133.4,-122.3,-126.8,-112.1,-96.9,-56.0,-32.6,-75.9,-104.4,-118.3,-125.8,-117.4,-122.0,-119.3,-117.1,-110.9,-111.8,-122.0,-116.1,-124.0,-125.3,-123.4,-117.2,-123.9,-123.4,-112.4,-116.8,-112.2,-122.4,-115.9,-114.3,-111.1,-109.4,-129.4,-124.8,-115.8,-128.1,-120.5,-116.6,-123.2,-112.2,-120.9,-118.4,-118.7,-136.9,-109.1,-107.0,-108.3,-114.9,-113.3,-120.0,-108.2,-112.7,-118.1,-112.9,-117.1,-115.2,-124.4,-113.9,-122.0,-115.6,-109.8,-110.4,-117.8,-118.6,-117.1,-110.7,-112.7,-114.8,-116.9,-112.6,-116.3,-113.2,-113.1,-119.1,-113.5,-143.2,-124.7,-114.5,-123.6,-117.8,-113.9,-112.5,-124.5,-116.3,-118.0,-114.7,-115.1,-130.0,-117.4,-110.5,-125.5,-114.9,-123.3,-126.4,-124.7,-115.1,-120.7,-123.6,-126.0,-99.3,-54.7,-80.4,-128.4,-120.8,-126.9,-123.9,-125.7
-100.4,-94.2,-101.2,-92.6,-102.1,-108.5,-97.1,-100.6,-95.7,-98.0,-111.5,-106.5,-105.7,-100.6,-104.6,-87.4,-67.3,-21.7,-18.6,-63.6,-90.9,-106.9,-124.2,-110.0,-102.1,-101.0,-99.0,-95.0,-102.0,-94.6,-107.8,-104.1,-104.9,-98.9,-109.5,-101.1,-100.9,-101.3,-109.0,-96.6,-98.7,-102.1,-102.6,-105.1,-96.4,-100.9,-100.6,-117.1,-95.1,-102.5,-105.3,-103.9,-99.6,-106.1,-102.3,-108.9,-98.7,-96.2,-105.3,-109.7,-105.6,-97.8,-103.8,-102.1,-111.2,-106.1,-111.4,-123.2,-102.8,-99.6,-97.7,-101.1,-109.6,-115.7,-119.6,-108.5,-101.9,-106.6,-103.7,-105.6,-105.8,-107.7,-101.0,-100.9,-110.8,-108.3,-110.3,-110.2,-106.1,-104.3,-106.7,-99.1,-110.5,-115.6,-120.0,-105.3,-113.6,-110.0,-112.7,-107.4,-106.3,-115.8,-109.2,-108.8,-111.8,-112.1,-116.3,-115.9,-108.4,-117.5,-108.5,-110.4,-107.4,-112.2,-112.6,-115.3,-125.4,-116.0,-110.2,-102.0,-75.6,-32.1,-43.6,-88.4,-110.7,-117.8,-124.9,-128.0,-125.9,-129.0,-126.3,-121.9,-126.6,-123.9,-134.5,-134.9,-129.2,-135.5,-138.6,-157.7,-137.7,-140.4,-128.3,-128.5,-135.2,-133.0,-123.0,-122.6,-120.5,-142.9,-130.9,-120.4,-122.1,-110.8,-106.9,-82.9,-36.9,-41.5,-85.9,-105.5,-117.0,-117.5,-123.5,-114.6,-125.3,-119.5,-113.2,-116.4,-110.1,-115.7,-114.5,-119.1,-110.1,-126.0,-114.7,-113.9,-125.3,-116.2,-107.2,-121.1,-120.2,-110.8,-115.8,-110.7,-112.0,-109.9,-117.1,-113.8,-110.5,-110.8,-123.4,-112.3,-115.9,-112.7,-112.1,-108.6,-107.2,-113.2,-115.4,-126.7,-109.3,-118.2,-120.2,-116.4,-115.4,-117.4,-127.1,-114.2,-121.1,-111.0,-112.1,-121.0,-118.8,-114.0,-113.6,-119.2,-116.9,-123.7,-119.3,-124.8,-118.1,-123.8,-110.5,-121.6,-119.3,-119.9,-126.3,-115.0,-110.7,-112.3,-111.7,-115.8,-120.2,-118.8,-116.5,-118.1,-118.0,-129.5,-114.3,-112.6,-119.8,-124.1,-112.1,-123.5,-115.0,-118.8,-115.3,-127.4,-117.3,-116.0,-115.2,-70.9,-50.0,-89.6,-117.7,-133.1,-124.7
-92.8,-94.3,-94.8,-97.0,-98.7,-105.1,-93.8,-107.3,-98.0,-102.6,-100.1,-101.8,-104.1,-99.1,-98.6,-104.7,-96.2,-86.0,-57.3,-15.2,-24.0,-67.3,-91.2,-97.7,-100.1,-101.9,-97.0,-102.7,-106.2,-99.5,-95.0,-99.6,-102.8,-104.1,-98.2,-101.3,-106.0,-98.8,-107.3,-101.6,-114.5,-99.9,-119.0,-123.8,-105.2,-106.1,-105.6,-107.2,-98.9,-108.3,-105.4,-111.9,-101.2,-99.7,-106.4,-111.7,-108.3,-106.0,-97.8,-99.8,-101.9,-103.6,-98.5,-99.8,-111.1,-102.5,-105.8,-111.1,-102.1,-112.8,-107.5,-103.4,-112.5,-104.1,-106.5,-109.1,-97.4,-100.0,-107.2,-107.4,-105.6,-102.7,-104.8,-103.2,-111.8,-111.6,-106.2,-104.7,-109.6,-113.7,-114.5,-106.0,-129.1,-109.6,-105.9,-111.2,-107.8,-114.7,-111.8,-111.4,-113.6,-110.4,-108.4,-115.0,-123.4,-107.7,-124.7,-108.0,-107.1,-106.0,-128.9,-112.6,-114.4,-110.3,-109.2,-112.4,-113.9,-102.0,-78.7,-35.6,-33.9,-78.3,-104.1,-116.0,-114.0,-118.7,-121.6,-121.4,-127.0,-129.4,-128.0,-125.0,-130.3,-125.1,-133.1,-127.1,-134.8,-134.5,-140.6,-165.3,-138.5,-136.0,-131.6,-134.5,-131.0,-128.7,-128.6,-122.1,-122.9,-129.0,-136.2,-122.6,-121.8,-118.6,-129.6,-116.7,-102.6,-71.0,-31.8,-46.6,-89.0,-110.7,-120.2,-120.2,-136.8,-114.3,-117.7,-124.8,-118.3,-114.5,-120.7,-127.6,-113.1,-121.0,-111.2,-116.5,-119.3,-129.7,-112.2,-114.6,-114.7,-120.6,-126.8,-113.2,-121.8,-123.3,-115.0,-115.8,-112.1,-117.5,-117.0,-115.8,-112.2,-116.3,-115.7,-108.7,-117.8,-111.8,-109.6,-127.0,-115.8,-109.7,-108.1,-115.9,-114.7,-121.3,-113.6,-110.1,-113.9,-112.5,-112.6,-124.3,-114.4,-113.0,-110.8,-106.4,-108.4,-126.5,-115.5,-115.6,-112.0,-116.6,-111.3,-113.7,-115.0,-123.1,-112.5,-115.4,-118.3,-114.3,-110.8,-116.8,-128.8,-114.4,-120.7,-113.3,-127.2,-125.5,-119.7,-118.6,-115.2,-122.8,-116.8,-124.2,-120.2,-117.7,-114.8,-118.1,-116.8,-121.7,-118.0,-123.8,-100.3,-55.1,-48.4,-89.5,-113.0
-92.7,-94.0,-100.1,-101.0,-102.6,-99.0,-115.9,-100.4,-96.3,-96.9,-100.9,-102.5,-105.6,-97.0,-100.0,-100.9,-98.7,-96.8,-100.4,-84.4,-53.7,-15.0,-22.4,-64.2,-88.8,-93.4,-100.8,-96.4,-107.0,-98.1,-105.0,-105.7,-101.6,-107.8,-98.1,-104.6,-112.7,-113.8,-98.4,-115.3,-99.2,-96.3,-97.1,-101.2,-99.6,-113.7,-96.9,-102.7,-101.1,-97.6,-106.5,-106.9,-101.6,-104.3,-102.4,-104.8,-107.6,-104.1,-108.6,-100.3,-107.3,-105.0,-103.5,-101.5,-105.6,-110.3,-108.4,-99.6,-99.7,-100.4,-103.2,-103.8,-103.7,-117.8,-105.9,-117.5,-103.1,-109.7,-106.6,-106.2,-105.3,-105.7,-124.0,-112.5,-110.5,-116.6,-100.6,-106.7,-107.3,-111.8,-102.8,-112.1,-103.5,-106.4,-108.5,-106.3,-111.0,-105.5,-105.3,-111.1,-114.8,-106.8,-111.9,-113.5,-119.6,-108.5,-118.5,-116.8,-105.1,-123.6,-111.5,-121.4,-115.3,-111.8,-121.8,-101.0,-74.5,-33.6,-32.1,-73.6,-100.1,-111.6,-120.2,-119.5,-118.2,-115.6,-120.4,-130.4,-123.6,-122.5,-132.2,-122.4,-127.2,-131.0,-129.6,-136.2,-134.8,-151.5,-138.2,-153.0,-136.6,-137.9,-135.3,-149.6,-126.0,-137.9,-126.0,-124.7,-118.3,-124.2,-123.3,-139.8,-123.3,-125.6,-124.1,-130.0,-127.4,-118.1,-100.1,-66.5,-31.3,-43.7,-85.1,-106.1,-123.0,-112.3,-113.8,-116.8,-116.1,-118.1,-119.2,-111.3,-116.8,-114.5,-115.2,-123.5,-113.4,-112.3,-128.3,-115.2,-112.5,-117.9,-110.4,-114.2,-116.1,-111.2,-116.2,-111.7,-116.2,-111.4,-121.3,-116.6,-124.0,-113.7,-109.8,-113.6,-115.6,-119.4,-114.2,-116.3,-114.2,-113.3,-112.2,-112.6,-121.5,-116.1,-109.7,-109.1,-113.8,-117.2,-111.9,-125.2,-115.8,-112.5,-120.3,-111.4,-123.3,-131.2,-112.7,-112.1,-121.2,-117.4,-125.6,-113.9,-115.9,-107.4,-122.3,-119.0,-123.5,-113.5,-117.6,-110.3,-117.6,-121.0,-120.8,-122.4,-120.0,-128.0,-147.2,-129.6,-115.1,-117.4,-115.2,-122.2,-121.3,-119.6,-134.3,-110.9,-141.6,-121.3,-142.9,-121.7,-125.8,-121.9,-93.4,-49.3,-42.6
-98.3,-101.6,-101.4,-103.5,-96.0,-101.6,-102.8,-100.7,-99.8,-102.3,-96.8,-97.9,-99.2,-105.6,-94.8,-95.5,-97.8,-111.8,-111.5,-97.7,-99.8,-84.1,-58.3,-18.5,-16.6,-52.5,-83.2,-101.2,-99.3,-100.2,-119.8,-101.8,-99.8,-101.3,-100.1,-100.2,-115.7,-107.1,-99.4,-109.0,-100.2,-101.2,-100.3,-104.9,-101.4,-99.3,-98.1,-101.7,-103.9,-106.2,-99.7,-106.5,-109.5,-108.3,-106.4,-104.4,-98.7,-99.9,-109.3,-102.2,-111.6,-107.6,-102.3,-102.1,-103.7,-108.3,-103.5,-116.8,-103.3,-108.2,-110.1,-101.8,-107.2,-106.2,-120.6,-106.3,-110.4,-104.0,-110.5,-107.6,-100.1,-111.5,-107.9,-106.0,-107.2,-111.8,-112.4,-106.9,-108.0,-104.4,-117.3,-106.8,-114.9,-102.3,-105.9,-113.8,-109.0,-109.8,-111.6,-114.8,-107.6,-112.4,-133.8,-116.3,-114.6,-117.9,-110.1,-109.1,-111.9,-112.9,-113.4,-118.9,-106.3,-93.9,-61.2,-28.7,-35.6,-76.7,-103.1,-117.8,-119.7,-127.2,-127.8,-117.9,-113.3,-117.8,-120.9,-122.4,-118.9,-119.7,-122.5,-134.1,-126.6,-128.3,-129.9,-128.7,-136.2,-141.3,-143.0,-168.2,-145.9,-138.2,-133.1,-132.4,-130.2,-131.6,-123.6,-121.2,-127.5,-124.1,-122.6,-134.4,-130.8,-115.7,-121.7,-118.0,-125.6,-112.3,-117.8,-109.8,-100.9,-70.9,-33.3,-35.3,-73.5,-99.4,-107.5,-123.8,-118.6,-117.5,-112.1,-116.4,-120.0,-121.0,-117.5,-113.6,-121.9,-115.8,-117.1,-111.7,-116.4,-117.2,-118.6,-112.5,-114.0,-117.8,-113.3,-111.6,-117.8,-125.1,-113.9,-114.6,-113.9,-119.9,-115.1,-107.9,-113.3,-123.7,-132.2,-110.6,-121.1,-115.4,-116.1,-113.5,-113.3,-118.1,-117.5,-118.9,-121.6,-125.0,-116.1,-119.8,-109.1,-125.0,-121.4,-137.2,-116.5,-121.0,-109.6,-109.2,-118.4,-129.8,-116.0,-112.5,-111.4,-114.2,-116.9,-112.7,-108.4,-126.6,-119.3,-117.5,-111.5,-111.8,-123.3,-115.5,-120.3,-116.9,-121.4,-129.1,-124.5,-117.3,-121.1,-119.6,-122.3,-119.9,-114.7,-126.4,-118.7,-122.1,-120.5,-109.7,-100.9,-66.3,-38.3,-50.8,-86.9
-108.7,-106.4,-103.3,-109.9,-103.1,-96.0,-102.1,-93.7,-96.2,-108.9,-100.6,-101.6,-97.9,-107.2,-101.7,-106.7,-97.8,-99.5,-100.8,-115.1,-97.4,-100.1,-99.3,-86.9,-69.8,-30.4,-13.6,-30.9,-69.2,-88.8,-107.3,-104.9,-100.0,-100.4,-98.1,-98.5,-100.0,-97.1,-104.5,-95.5,-99.6,-106.2,-112.0,-101.3,-97.7,-100.8,-106.8,-103.8,-108.0,-110.4,-109.0,-96.6,-108.2,-96.2,-102.1,-100.6,-108.8,-131.0,-106.7,-101.8,-100.0,-102.7,-100.4,-105.3,-103.6,-98.8,-107.3,-99.4,-97.8,-107.3,-109.4,-101.5,-107.5,-99.6,-107.6,-104.2,-125.6,-105.4,-108.9,-104.2,-103.7,-119.6,-104.8,-118.5,-109.1,-105.8,-101.0,-104.2,-102.2,-112.8,-108.1,-109.0,-111.3,-113.1,-112.1,-104.3,-105.8,-115.6,-116.9,-110.1,-104.9,-117.0,-110.5,-109.9,-112.1,-107.5,-112.7,-117.1,-123.8,-113.9,-102.0,-78.2,-39.4,-26.5,-48.0,-86.5,-110.9,-107.3,-114.1,-110.0,-118.7,-118.4,-126.3,-121.4,-120.2,-122.2,-125.5,-118.1,-119.5,-126.8,-124.1,-121.1,-120.8,-136.9,-130.7,-134.0,-155.4,-137.1,-155.2,-159.0,-141.5,-142.1,-135.7,-133.1,-124.7,-127.2,-122.9,-123.0,-126.9,-120.4,-123.7,-123.1,-133.0,-127.7,-122.9,-121.8,-116.8,-129.6,-122.2,-132.7,-127.9,-112.4,-108.2,-82.7,-42.7,-29.9,-51.0,-88.4,-113.8,-116.9,-113.3,-111.6,-118.8,-112.9,-112.4,-119.3,-110.3,-115.8,-111.9,-116.4,-111.5,-117.4,-117.9,-116.0,-114.0,-120.9,-112.6,-114.9,-121.1,-114.4,-107.8,-125.0,-107.0,-116.3,-108.8,-119.8,-117.2,-110.4,-108.5,-110.5,-114.6,-116.0,-117.0,-114.6,-108.2,-117.1,-110.2,-109.7,-109.3,-118.1,-115.9,-118.9,-109.5,-116.0,-122.9,-116.2,-122.0,-123.7,-120.3,-111.3,-141.3,-112.8,-122.6,-110.1,-119.9,-111.3,-113.0,-113.2,-115.7,-114.9,-118.6,-127.6,-118.1,-131.0,-120.3,-117.4,-130.0,-119.9,-114.9,-119.5,-124.0,-124.5,-131.7,-121.2,-113.3,-120.1,-133.6,-112.2,-114.1,-107.0,-82.5,-44.6,-36.1,-62.3,-99.8,-116.6,-126.8
-125.1,-101.5,-99.4,-99.2,-99.8,-99.9,-109.5,-103.0,-97.6,-98.0,-118.3,-105.7,-101.8,-101.5,-101.7,-97.0,-105.9,-95.4,-100.4,-101.6,-99.3,-104.8,-98.8,-100.5,-92.5,-92.2,-83.2,-54.4,-19.4,-15.5,-39.7,-74.5,-95.5,-99.1,-106.0,-105.7,-101.9,-96.5,-101.3,-105.2,-99.1,-98.7,-96.8,-96.5,-113.1,-100.0,-99.4,-107.4,-94.0,-130.9,-101.1,-103.8,-102.0,-99.4,-101.8,-105.1,-110.8,-101.1,-99.4,-108.0,-106.1,-106.8,-101.5,-101.2,-102.7,-104.2,-99.5,-106.7,-114.4,-103.5,-99.4,-101.8,-101.6,-100.7,-104.4,-116.0,-100.3,-107.4,-104.4,-105.2,-116.1,-100.9,-103.8,-117.2,-109.3,-108.7,-103.5,-107.0,-111.4,-103.7,-110.3,-102.5,-118.0,-102.7,-103.6,-125.3,-110.4,-106.4,-113.9,-108.6,-120.6,-102.7,-107.1,-110.6,-114.5,-106.3,-116.5,-100.7,-83.1,-46.7,-26.4,-33.8,-70.9,-98.6,-111.4,-109.3,-115.0,-118.4,-116.9,-117.0,-117.3,-112.7,-116.3,-120.5,-120.5,-116.6,-123.0,-125.2,-124.6,-127.6,-124.3,-124.0,-131.1,-126.6,-134.6,-138.4,-137.6,-133.9,-145.1,-161.8,-147.7,-135.6,-135.2,-131.9,-127.4,-129.9,-135.4,-152.6,-127.7,-126.0,-122.5,-124.6,-118.9,-131.0,-117.3,-123.2,-119.7,-123.3,-117.9,-119.2,-130.9,-124.7,-118.4,-117.3,-114.9,-96.3,-65.7,-33.1,-31.7,-59.2,-92.5,-105.8,-117.3,-114.8,-131.7,-110.4,-113.8,-113.6,-115.9,-111.8,-112.4,-112.1,-111.1,-117.7,-120.3,-113.5,-119.4,-110.9,-121.5,-121.6,-113.7,-117.2,-113.0,-116.9,-114.5,-131.2,-117.7,-109.0,-119.3,-121.8,-112.9,-109.5,-111.4,-112.4,-121.0,-111.9,-123.3,-114.2,-117.9,-110.6,-112.4,-110.6,-111.1,-117.8,-117.4,-108.6,-113.2,-112.8,-113.2,-128.7,-110.4,-127.9,-120.4,-111.6,-123.9,-112.5,-128.9,-120.1,-112.0,-113.1,-116.4,-116.7,-125.4,-110.6,-119.3,-119.6,-118.5,-119.4,-115.4,-115.6,-109.6,-122.4,-118.1,-128.2,-113.6,-110.9,-112.0,-87.3,-50.4,-33.8,-44.9,-83.1,-108.1,-119.5,-124.6,-127.6,-118.0
-96.1,-101.5,-107.5,-94.7,-118.4,-111.4,-106.1,-96.6,-112.3,-101.7,-104.5,-103.5,-108.0,-97.0,-103.5,-96.4,-116.1,-101.4,-103.9,-103.2,-108.2,-109.4,-95.8,-104.7,-98.3,-101.3,-100.3,-116.8,-91.3,-80.2,-48.3,-18.4,-16.1,-37.4,-72.5,-94.1,-94.0,-101.6,-102.1,-102.6,-97.7,-104.7,-100.7,-122.2,-98.3,-106.3,-111.6,-97.3,-105.2,-103.1,-108.7,-112.7,-103.6,-98.6,-106.1,-112.7,-101.8,-109.3,-98.5,-102.3,-100.9,-107.5,-110.0,-107.5,-104.4,-100.0,-104.8,-118.0,-101.9,-111.6,-106.0,-104.9,-108.6,-104.5,-105.6,-110.0,-103.8,-102.5,-112.2,-108.6,-101.8,-110.8,-108.4,-109.0,-111.4,-111.6,-109.7,-105.2,-112.5,-110.0,-115.4,-107.9,-106.9,-109.2,-112.8,-105.9,-112.8,-115.4,-107.2,-107.2,-110.5,-126.4,-108.9,-107.8,-99.9,-78.7,-43.7,-25.9,-30.9,-63.8,-93.6,-114.5,-115.0,-118.8,-119.5,-111.3,-111.5,-113.9,-120.9,-116.2,-118.6,-114.8,-117.9,-126.6,-125.6,-120.3,-116.3,-122.0,-123.9,-123.6,-134.3,-134.1,-132.0,-126.7,-130.0,-133.9,-128.5,-145.6,-155.8,-159.5,-139.3,-139.1,-128.3,-136.8,-141.2,-122.9,-123.5,-127.4,-142.1,-128.1,-132.0,-131.8,-119.7,-136.9,-115.0,-121.9,-119.0,-130.4,-122.4,-126.2,-118.2,-114.6,-134.9,-114.3,-116.6,-112.2,-122.0,-111.9,-91.9,-58.9,-31.9,-31.5,-55.8,-89.1,-105.2,-110.8,-115.2,-114.7,-111.5,-114.5,-109.5,-111.6,-117.8,-113.6,-114.0,-117.7,-110.8,-116.1,-123.9,-120.0,-111.2,-119.3,-110.6,-118.2,-119.7,-112.6,-126.1,-104.9,-118.3,-109.9,-111.0,-124.5,-125.1,-108.6,-110.1,-115.3,-123.6,-116.6,-119.1,-114.7,-113.1,-117.0,-109.4,-115.0,-111.2,-116.4,-114.1,-121.5,-115.0,-110.7,-119.7,-124.9,-120.6,-117.1,-119.2,-126.9,-116.2,-113.5,-113.2,-122.2,-116.4,-118.1,-117.1,-125.2,-120.0,-116.4,-117.6,-111.0,-125.6,-118.3,-121.9,-117.0,-115.7,-108.2,-83.2,-47.4,-32.9,-40.5,-75.4,-103.2,-117.4,-120.0,-126.6,-134.6,-126.3,-119.9,-134.0
-92.3,-103.2,-97.8,-100.9,-102.7,-94.4,-99.8,-96.3,-102.9,-97.9,-103.4,-94.5,-96.0,-105.2,-106.6,-107.7,-97.3,-104.0,-112.1,-106.3,-100.4,-98.1,-100.6,-100.7,-105.2,-108.4,-107.7,-96.7,-103.1,-116.6,-96.8,-95.6,-82.9,-53.5,-21.9,-15.4,-26.3,-59.4,-87.2,-93.9,-106.0,-104.5,-129.1,-102.4,-104.3,-110.4,-100.7,-104.7,-102.3,-110.9,-100.4,-99.4,-101.7,-105.4,-101.7,-103.3,-102.8,-104.0,-104.3,-104.7,-101.2,-103.7,-101.6,-103.4,-98.2,-103.3,-107.3,-100.3,-112.5,-102.4,-99.8,-106.7,-98.6,-102.8,-107.0,-101.9,-108.3,-105.5,-99.1,-100.8,-107.6,-110.0,-108.0,-106.0,-107.8,-99.6,-104.5,-109.9,-108.7,-104.0,-109.1,-105.5,-116.0,-108.8,-114.4,-107.7,-108.5,-122.6,-112.4,-106.8,-120.4,-91.5,-64.6,-33.0,-24.8,-33.9,-67.6,-94.4,-105.5,-114.0,-112.0,-111.3,-111.4,-116.7,-115.1,-118.8,-113.6,-119.3,-113.6,-116.9,-112.7,-118.7,-117.8,-116.9,-119.7,-126.0,-139.2,-113.8,-120.9,-125.1,-128.0,-132.0,-119.3,-126.7,-122.4,-144.9,-144.0,-137.4,-141.7,-164.3,-139.4,-137.4,-127.3,-143.7,-126.7,-136.1,-125.6,-129.4,-119.9,-135.7,-121.1,-123.3,-118.9,-123.3,-118.6,-117.8,-118.8,-120.6,-118.8,-120.0,-114.0,-117.3,-156.0,-120.7,-121.4,-113.5,-115.7,-125.2,-124.8,-113.6,-111.4,-93.6,-63.6,-34.2,-29.6,-42.9,-76.9,-99.1,-130.6,-111.1,-123.6,-115.5,-110.5,-120.3,-121.0,-109.8,-124.1,-124.3,-115.0,-110.9,-113.0,-109.4,-113.8,-122.9,-110.4,-116.3,-108.1,-111.9,-111.7,-114.5,-116.6,-108.4,-110.6,-114.5,-111.2,-114.3,-107.2,-117.2,-113.4,-107.7,-119.2,-111.4,-110.8,-116.1,-121.4,-120.2,-117.4,-109.8,-112.4,-115.8,-129.3,-112.4,-124.9,-121.6,-109.5,-116.5,-113.1,-116.6,-112.2,-115.7,-115.0,-122.8,-115.2,-120.6,-113.1,-113.8,-116.4,-119.2,-111.9,-110.5,-97.5,-68.1,-38.4,-32.3,-43.9,-78.8,-104.6,-127.2,-132.4,-115.0,-122.6,-124.1,-121.0,-119.6,-120.0,-123.5,-130.9
-107.6,-101.2,-112.4,-97.3,-104.5,-99.5,-100.5,-99.4,-102.7,-110.1,-102.9,-107.0,-108.1,-106.9,-106.7,-98.4,-108.2,-106.9,-98.0,-96.6,-99.1,-105.4,-100.4,-104.3,-107.8,-103.3,-100.7,-100.3,-94.7,-100.3,-96.5,-101.1,-103.4,-111.2,-106.7,-87.7,-68.8,-34.8,-17.4,-17.6,-34.3,-67.2,-89.5,-103.7,-101.8,-104.3,-105.3,-105.3,-98.4,-102.2,-113.4,-99.3,-106.8,-104.9,-104.5,-105.7,-96.5,-99.7,-108.8,-105.2,-109.4,-102.9,-108.1,-102.1,-98.2,-107.4,-104.6,-100.1,-108.1,-103.6,-106.7,-109.4,-108.9,-104.2,-117.4,-101.1,-108.0,-111.0,-115.7,-104.3,-110.1,-104.6,-104.9,-104.1,-116.1,-108.8,-125.0,-105.7,-105.4,-121.9,-106.3,-102.8,-117.7,-109.1,-109.3,-112.2,-100.3,-94.3,-71.7,-39.1,-25.2,-26.6,-47.2,-80.6,-103.8,-108.4,-114.7,-115.0,-111.4,-113.4,-110.0,-106.6,-110.4,-113.6,-120.6,-118.4,-119.3,-119.5,-119.6,-118.1,-112.0,-117.5,-125.3,-118.0,-119.7,-123.8,-123.3,-136.6,-129.7,-128.9,-122.9,-132.2,-126.2,-123.5,-129.3,-144.9,-127.0,-143.0,-141.3,-158.0,-153.9,-138.7,-137.4,-134.1,-130.4,-137.1,-121.0,-128.3,-123.5,-125.2,-130.4,-124.6,-125.5,-125.8,-117.4,-125.0,-121.1,-115.5,-117.2,-112.3,-137.5,-118.5,-128.1,-133.7,-115.3,-113.5,-125.3,-115.4,-119.6,-110.6,-113.0,-109.6,-124.7,-109.2,-101.5,-78.7,-44.9,-30.1,-31.6,-50.8,-83.4,-105.6,-115.5,-119.5,-117.4,-122.9,-117.2,-115.0,-118.8,-123.2,-119.7,-116.0,-115.7,-114.5,-118.0,-105.8,-109.5,-112.6,-115.6,-137.6,-111.5,-124.4,-119.9,-112.1,-113.6,-126.6,-107.6,-113.5,-118.0,-112.7,-117.1,-125.5,-112.2,-112.1,-116.7,-115.9,-116.2,-118.5,-109.8,-113.9,-121.2,-107.5,-112.3,-123.4,-112.9,-117.7,-112.7,-113.8,-118.2,-119.2,-109.9,-121.5,-120.7,-113.7,-113.1,-117.6,-101.6,-75.5,-43.9,-32.3,-35.2,-58.5,-91.7,-107.2,-115.0,-123.0,-122.5,-126.2,-124.0,-123.2,-120.4,-122.6,-125.3,-128.0,-126.4,-122.9,-135.7
-97.1,-101.1,-101.7,-98.2,-94.3,-110.3,-103.2,-98.6,-105.3,-100.8,-100.1,-99.3,-101.6,-94.8,-110.3,-98.4,-105.6,-103.9,-106.2,-102.1,-102.2,-95.9,-104.3,-98.9,-99.7,-102.8,-118.5,-104.6,-111.2,-101.2,-117.6,-99.5,-96.2,-98.5,-101.9,-101.0,-109.5,-102.1,-95.2,-85.7,-62.6,-30.7,-17.6,-18.2,-31.8,-62.8,-91.7,-95.4,-99.5,-101.6,-105.7,-105.4,-100.7,-114.4,-110.3,-102.0,-103.9,-100.3,-104.0,-107.5,-106.3,-118.4,-102.8,-97.0,-107.9,-106.7,-102.9,-108.8,-100.5,-113.5,-102.5,-107.2,-110.6,-101.1,-106.7,-107.5,-105.8,-105.5,-107.6,-110.1,-111.2,-104.6,-115.3,-109.5,-110.7,-123.3,-111.7,-107.9,-112.9,-107.4,-116.5,-99.7,-102.1,-90.5,-65.9,-35.9,-24.6,-25.5,-41.3,-74.0,-97.5,-110.0,-115.0,-125.6,-113.6,-116.3,-108.2,-110.6,-114.9,-119.6,-112.2,-117.2,-110.2,-129.8,-116.4,-113.1,-116.0,-113.8,-111.9,-132.0,-120.1,-119.4,-118.9,-129.0,-117.6,-123.0,-123.7,-122.1,-120.9,-123.4,-123.9,-127.3,-125.7,-129.1,-142.2,-127.2,-130.2,-139.2,-135.2,-157.0,-146.6,-133.2,-139.4,-125.8,-154.9,-125.8,-126.7,-131.2,-122.4,-128.3,-121.9,-125.9,-116.6,-133.5,-141.7,-122.5,-120.6,-125.9,-115.7,-117.3,-117.0,-113.3,-116.3,-116.4,-120.0,-127.6,-124.8,-133.3,-116.6,-117.3,-114.7,-111.8,-121.9,-125.2,-121.0,-117.3,-119.4,-122.1,-99.0,-72.1,-40.9,-29.8,-31.4,-47.1,-78.5,-96.9,-115.5,-108.2,-107.8,-141.3,-111.4,-118.8,-130.5,-123.8,-111.5,-115.2,-113.5,-118.1,-110.2,-115.7,-113.4,-112.3,-111.0,-118.1,-118.1,-112.1,-117.4,-107.0,-111.9,-115.9,-117.9,-113.6,-108.0,-115.5,-122.3,-116.3,-118.3,-121.4,-112.3,-114.1,-115.0,-118.7,-112.3,-118.8,-127.1,-123.8,-115.5,-113.9,-113.7,-114.3,-112.3,-114.8,-95.7,-70.1,-41.4,-32.0,-34.0,-52.2,-84.8,-106.2,-111.5,-123.1,-123.4,-114.3,-130.0,-119.6,-117.6,-126.2,-121.2,-121.2,-127.6,-118.1,-130.9,-127.6,-126.7,-124.6,-124.6
-94.8,-112.0,-106.7,-97.1,-109.0,-95.2,-100.4,-108.6,-95.2,-94.2,-93.7,-102.5,-96.9,-98.5,-102.7,-101.2,-102.4,-131.1,-111.5,-96.1,-104.8,-95.2,-103.6,-104.9,-107.0,-102.9,-106.7,-97.9,-100.8,-102.5,-113.3,-95.8,-94.8,-109.4,-101.5,-105.9,-98.0,-104.4,-103.2,-98.4,-106.0,-102.5,-100.2,-91.0,-68.7,-37.6,-20.3,-17.5,-23.4,-45.2,-74.4,-92.0,-100.8,-103.3,-103.8,-105.8,-100.7,-106.7,-105.3,-111.7,-99.6,-109.4,-99.9,-108.8,-104.6,-105.3,-101.5,-103.9,-113.0,-101.7,-101.9,-104.6,-102.9,-104.5,-108.2,-103.6,-113.1,-109.6,-117.5,-99.5,-108.0,-104.8,-115.6,-107.9,-112.6,-110.2,-124.6,-111.7,-98.5,-77.1,-47.2,-27.8,-23.2,-27.4,-47.3,-78.3,-97.2,-106.5,-103.9,-113.4,-101.1,-104.6,-117.2,-109.5,-110.3,-111.9,-112.0,-103.5,-104.9,-112.2,-111.6,-114.8,-110.0,-113.2,-117.8,-116.4,-117.2,-118.6,-108.7,-123.6,-111.7,-119.6,-118.5,-137.3,-117.5,-121.0,-116.4,-118.1,-118.3,-119.9,-118.5,-116.4,-124.7,-123.9,-129.4,-128.9,-133.5,-145.9,-162.7,-162.1,-153.3,-137.8,-131.9,-142.2,-122.0,-135.1,-129.9,-138.9,-118.0,-119.7,-134.7,-122.5,-119.2,-126.0,-129.6,-121.3,-127.2,-124.8,-115.8,-120.5,-117.2,-118.0,-117.6,-119.4,-119.0,-122.6,-123.4,-117.1,-118.9,-130.1,-125.7,-111.3,-129.5,-123.9,-128.3,-112.1,-113.3,-119.8,-129.6,-117.8,-111.9,-114.5,-100.6,-77.8,-46.7,-31.6,-29.6,-36.6,-60.3,-89.5,-108.8,-115.9,-115.4,-131.2,-120.6,-109.3,-114.3,-121.4,-124.3,-111.3,-116.1,-107.8,-117.2,-120.0,-116.2,-118.5,-123.9,-113.1,-111.8,-113.4,-112.0,-115.4,-119.0,-118.2,-114.7,-120.1,-114.5,-112.4,-109.7,-110.3,-116.1,-124.6,-138.3,-114.2,-118.6,-111.1,-119.7,-102.1,-82.0,-52.1,-34.9,-31.2,-36.5,-58.6,-88.8,-104.2,-111.0,-120.4,-124.5,-113.3,-110.0,-124.6,-124.7,-129.4,-125.5,-118.6,-116.7,-124.2,-119.4,-124.6,-128.2,-130.7,-119.7,-134.2,-135.2,-125.3,-118.1
-94.8,-101.1,-100.9,-96.8,-99.2,-110.9,-100.0,-95.1,-107.8,-99.5,-102.5,-103.8,-95.7,-99.0,-112.4,-105.2,-102.9,-106.9,-103.6,-100.2,-104.7,-107.7,-120.1,-111.9,-101.4,-115.8,-97.8,-100.4,-95.3,-98.6,-106.2,-104.0,-102.1,-104.3,-106.2,-117.8,-99.5,-107.6,-99.3,-106.8,-99.5,-98.4,-104.9,-140.7,-103.2,-110.4,-109.2,-101.3,-83.5,-57.9,-30.3,-19.7,-18.6,-24.8,-44.9,-73.2,-91.9,-101.6,-99.5,-109.8,-109.8,-104.0,-111.4,-96.1,-109.7,-102.7,-107.3,-110.9,-110.7,-100.7,-100.4,-112.1,-110.1,-113.4,-103.3,-107.8,-103.4,-108.6,-116.1,-116.5,-103.1,-111.3,-102.8,-95.2,-74.2,-45.8,-27.8,-22.8,-25.0,-37.6,-66.6,-90.1,-106.2,-111.7,-104.9,-110.9,-108.7,-109.3,-106.3,-106.8,-107.8,-103.0,-112.4,-119.3,-122.8,-107.1,-114.1,-110.2,-115.1,-114.5,-111.2,-105.5,-120.4,-113.1,-118.6,-116.0,-121.1,-120.8,-120.3,-115.8,-115.4,-117.6,-121.9,-124.7,-119.9,-132.8,-121.9,-116.9,-138.8,-123.0,-130.5,-133.0,-121.2,-126.6,-131.4,-129.6,-131.5,-149.4,-153.0,-157.4,-140.1,-133.3,-136.9,-130.8,-135.1,-133.8,-124.7,-124.7,-120.0,-132.8,-122.8,-123.4,-119.7,-121.7,-130.7,-117.6,-125.1,-120.1,-116.9,-131.8,-117.0,-117.4,-134.5,-116.3,-124.1,-115.8,-114.5,-119.3,-117.6,-120.9,-118.3,-119.1,-120.8,-119.4,-128.1,-112.9,-123.3,-114.4,-128.3,-114.8,-120.1,-121.1,-114.4,-123.0,-119.3,-106.7,-103.4,-93.2,-66.2,-39.8,-30.6,-30.1,-37.2,-59.2,-87.9,-103.6,-114.0,-110.1,-113.7,-121.3,-112.2,-129.3,-106.6,-113.7,-114.7,-108.5,-113.9,-120.1,-111.1,-114.4,-115.8,-118.7,-115.9,-112.8,-126.6,-111.6,-116.0,-122.4,-124.5,-107.3,-111.6,-113.1,-101.8,-80.1,-51.2,-35.2,-31.0,-33.9,-48.4,-77.8,-101.9,-111.3,-118.1,-120.3,-119.8,-113.1,-115.5,-116.1,-117.1,-113.5,-113.7,-127.8,-118.7,-128.7,-118.6,-122.3,-121.4,-119.2,-120.0,-117.2,-115.3,-129.2,-127.3,-134.9,-120.3,-132.8,-133.1
-111.6,-100.9,-107.0,-106.6,-95.7,-103.9,-99.5,-102.0,-112.8,-99.8,-102.9,-109.7,-99.1,-97.0,-99.0,-96.5,-101.9,-101.0,-97.1,-99.5,-112.5,-110.6,-99.1,-98.9,-100.8,-96.4,-102.1,-97.2,-111.9,-113.3,-104.4,-103.5,-94.8,-105.4,-102.0,-99.7,-118.8,-99.6,-110.6,-96.1,-107.4,-106.0,-102.8,-109.4,-98.9,-105.9,-106.2,-98.0,-106.0,-107.8,-106.1,-96.6,-102.1,-84.6,-61.6,-34.3,-22.0,-19.1,-22.0,-32.9,-58.2,-83.8,-95.0,-110.9,-99.6,-105.3,-109.4,-107.9,-97.2,-102.0,-109.5,-101.2,-106.0,-108.7,-105.8,-106.8,-102.0,-108.4,-82.8,-57.6,-33.7,-24.3,-22.3,-26.1,-40.5,-68.8,-91.0,-100.3,-110.5,-103.8,-109.6,-111.8,-102.1,-115.0,-118.4,-104.9,-112.5,-106.7,-131.2,-128.6,-107.8,-111.0,-110.6,-117.9,-111.1,-106.5,-113.1,-108.9,-117.2,-110.4,-125.9,-112.5,-108.3,-110.3,-110.9,-112.2,-114.9,-116.1,-116.3,-128.5,-108.9,-118.8,-112.7,-119.1,-118.0,-125.3,-116.9,-121.2,-126.5,-120.5,-123.4,-128.9,-123.6,-138.4,-128.8,-127.5,-152.5,-136.0,-147.2,-158.7,-139.7,-160.2,-140.9,-127.9,-142.3,-124.2,-133.2,-127.5,-143.1,-137.9,-127.9,-125.2,-118.4,-117.1,-118.4,-122.2,-120.4,-116.4,-127.1,-116.3,-125.9,-114.4,-114.7,-114.3,-115.1,-124.3,-117.5,-122.8,-125.3,-113.3,-131.2,-111.3,-122.5,-123.3,-115.5,-115.4,-112.1,-119.2,-112.4,-112.6,-114.5,-114.7,-114.7,-121.9,-121.0,-122.3,-111.5,-115.3,-115.0,-128.3,-110.5,-104.8,-94.9,-69.5,-43.0,-32.1,-29.8,-33.3,-45.6,-71.9,-95.1,-111.4,-116.9,-114.1,-121.2,-127.3,-114.3,-111.4,-109.2,-123.3,-118.5,-110.3,-107.8,-111.5,-111.1,-120.0,-104.0,-89.5,-63.2,-40.7,-32.4,-31.0,-35.6,-51.7,-80.2,-104.3,-123.0,-111.9,-114.2,-113.5,-115.5,-111.9,-121.6,-121.8,-151.4,-119.3,-133.8,-120.8,-120.9,-124.1,-113.3,-115.2,-124.9,-119.2,-118.7,-119.9,-119.2,-124.7,-116.9,-122.4,-115.5,-117.0,-114.7,-119.1,-123.1,-120.4,-129.2
-103.6,-101.1,-102.1,-108.7,-101.2,-103.3,-97.1,-127.0,-101.7,-102.7,-101.3,-106.0,-107.7,-105.1,-97.8,-95.8,-104.5,-105.3,-103.4,-102.8,-101.3,-100.2,-104.2,-96.9,-106.3,-102.7,-106.2,-106.2,-102.3,-101.2,-103.4,-106.8,-102.8,-115.0,-105.3,-104.3,-110.5,-95.6,-105.2,-111.9,-101.4,-102.8,-95.6,-98.1,-111.1,-101.5,-99.3,-106.0,-101.8,-101.5,-110.2,-107.6,-109.3,-98.4,-105.2,-101.4,-102.3,-97.1,-96.0,-78.5,-52.1,-30.0,-21.9,-20.1,-23.1,-32.5,-55.1,-80.1,-94.7,-101.0,-101.8,-98.9,-79.0,-53.1,-32.1,-23.9,-21.7,-24.3,-33.7,-57.5,-82.8,-93.1,-105.3,-107.9,-106.4,-108.8,-103.0,-111.9,-112.1,-110.8,-103.4,-108.0,-111.1,-108.5,-111.5,-117.3,-107.7,-103.9,-108.2,-109.9,-107.0,-110.5,-107.6,-114.2,-104.5,-110.9,-111.1,-110.9,-127.0,-115.5,-112.4,-114.4,-111.6,-113.7,-110.1,-112.6,-116.2,-124.1,-121.9,-123.4,-113.6,-119.1,-117.8,-122.3,-110.8,-118.5,-120.2,-125.4,-133.9,-119.2,-142.5,-127.1,-122.4,-128.8,-126.4,-138.0,-134.9,-143.6,-153.7,-167.3,-140.0,-141.9,-149.4,-141.6,-133.3,-127.0,-127.8,-127.7,-119.9,-135.7,-125.6,-122.1,-118.3,-117.8,-119.8,-133.5,-121.5,-123.8,-135.6,-114.1,-116.3,-128.2,-115.8,-116.8,-118.2,-123.5,-119.7,-112.6,-114.5,-118.4,-115.7,-112.1,-120.5,-115.5,-113.1,-126.7,-110.8,-116.8,-111.5,-115.3,-113.7,-107.5,-110.2,-117.6,-112.3,-110.4,-122.2,-106.3,-116.6,-112.9,-118.9,-111.8,-112.7,-113.7,-110.5,-121.2,-141.1,-104.1,-86.1,-59.4,-38.9,-31.6,-30.3,-33.8,-44.2,-68.0,-92.3,-109.9,-109.0,-113.2,-104.2,-85.3,-59.4,-39.9,-32.5,-30.8,-33.8,-44.5,-69.5,-94.6,-114.3,-114.1,-116.3,-108.4,-111.9,-121.4,-133.0,-115.2,-118.2,-114.8,-113.3,-124.2,-117.2,-116.2,-119.6,-116.1,-112.3,-112.0,-125.0,-111.9,-117.2,-119.7,-122.7,-111.5,-125.1,-116.7,-115.5,-127.4,-126.5,-117.5,-118.2,-121.3,-120.0,-121.3,-128.0,-129.4,-123.6
-103.7,-99.7,-94.1,-105.6,-98.3,-97.7,-106.0,-95.7,-99.5,-95.2,-100.5,-98.3,-94.6,-102.3,-104.0,-104.7,-101.3,-100.7,-109.0,-96.2,-103.4,-98.5,-104.4,-107.7,-100.9,-95.1,-105.1,-106.7,-111.1,-98.8,-100.4,-108.2,-103.9,-108.2,-104.3,-103.8,-100.0,-112.5,-98.7,-101.7,-102.8,-94.8,-110.7,-109.5,-108.4,-99.1,-99.9,-107.9,-96.2,-122.1,-122.1,-98.9,-112.9,-104.4,-100.0,-108.3,-101.7,-110.1,-98.9,-104.6,-103.0,-107.3,-98.7,-100.2,-94.9,-101.0,-52.7,-38.9,-19.6,-16.3,-15.9,-40.6,-35.1,-58.0,-84.5,-98.3,-100.6,-102.3,-106.5,-107.2,-108.2,-107.4,-103.8,-104.6,-103.1,-103.2,-122.5,-105.0,-104.1,-106.3,-117.5,-100.9,-111.6,-108.1,-107.9,-110.1,-113.8,-109.9,-102.8,-113.7,-105.9,-106.2,-125.0,-102.3,-108.5,-116.2,-123.1,-110.1,-108.6,-117.2,-114.0,-122.0,-122.4,-114.3,-109.1,-120.4,-118.5,-115.3,-117.1,-123.8,-112.9,-118.0,-122.2,-132.6,-118.6,-131.3,-121.4,-123.7,-125.3,-125.2,-118.3,-125.2,-121.3,-127.9,-132.2,-135.1,-141.3,-132.5,-145.5,-168.6,-146.2,-144.5,-138.0,-131.1,-130.3,-126.3,-121.4,-130.7,-122.2,-128.2,-122.1,-116.8,-120.5,-119.2,-121.8,-117.9,-119.6,-117.8,-113.5,-121.0,-118.7,-126.4,-128.0,-119.8,-113.7,-115.8,-118.7,-122.7,-116.4,-120.3,-111.6,-112.7,-122.4,-119.8,-119.8,-116.5,-131.8,-115.1,-111.7,-114.0,-112.0,-123.6,-114.7,-111.9,-113.2,-110.1,-118.3,-107.1,-121.0,-110.9,-121.9,-127.9,-116.1,-118.6,-112.7,-114.7,-117.6,-112.0,-120.7,-122.3,-117.2,-108.0,-106.9,-117.4,-92.3,-62.4,-37.6,-32.1,-27.5,-26.8,-31.1,-44.1,-77.7,-94.0,-103.3,-121.4,-131.6,-120.0,-116.3,-121.4,-123.2,-107.7,-112.7,-117.2,-114.6,-118.2,-112.4,-122.6,-117.8,-121.8,-110.3,-117.2,-122.3,-126.4,-112.5,-121.7,-112.8,-113.2,-113.5,-112.9,-114.4,-116.5,-111.2,-113.3,-125.6,-123.1,-113.8,-114.2,-144.7,-134.2,-128.9,-127.1,-124.4,-117.9,-124.3,-131.8,-140.0
-103.1,-104.3,-96.1,-105.6,-97.0,-105.4,-106.7,-108.6,-104.9,-101.5,-102.8,-96.7,-96.4,-96.1,-100.5,-110.7,-99.3,-97.0,-105.0,-106.4,-112.7,-98.1,-105.1,-103.8,-104.6,-98.4,-93.5,-107.8,-104.0,-130.6,-101.1,-97.3,-99.6,-103.5,-100.4,-96.0,-101.5,-103.3,-96.4,-109.8,-103.0,-101.1,-101.6,-105.5,-97.8,-102.7,-116.5,-99.4,-102.7,-111.0,-95.5,-99.8,-102.9,-105.1,-102.8,-106.5,-97.1,-88.1,-70.1,-46.3,-30.4,-23.6,-21.0,-21.6,-25.7,-36.0,-58.4,-82.1,-99.6,-102.9,-112.4,-95.8,-80.9,-56.5,-35.5,-26.4,-23.0,-23.1,-26.3,-33.9,-51.5,-75.5,-95.0,-110.9,-109.8,-107.1,-115.6,-110.6,-108.9,-100.8,-110.5,-113.3,-107.6,-116.1,-114.8,-104.4,-111.2,-108.9,-108.7,-107.8,-117.4,-104.8,-109.3,-117.3,-107.7,-110.4,-109.4,-107.9,-114.1,-117.4,-118.2,-115.3,-116.9,-105.2,-117.8,-119.8,-119.9,-120.7,-110.0,-122.6,-119.2,-120.5,-119.9,-112.1,-115.5,-138.2,-118.6,-118.8,-132.2,-129.6,-121.1,-124.3,-132.9,-125.2,-138.4,-132.3,-136.8,-137.1,-141.3,-160.2,-151.4,-134.8,-137.7,-129.9,-134.7,-129.0,-128.4,-135.2,-128.0,-119.5,-115.2,-115.9,-121.4,-123.8,-139.8,-122.0,-112.6,-116.2,-115.3,-122.1,-121.5,-116.6,-115.8,-130.4,-110.6,-112.2,-114.4,-117.0,-121.7,-127.9,-111.0,-118.3,-118.7,-115.1,-111.6,-117.6,-134.8,-113.7,-120.2,-115.3,-110.6,-121.3,-113.9,-112.7,-110.3,-122.6,-110.2,-114.2,-121.4,-110.6,-111.0,-119.0,-117.2,-120.0,-110.4,-117.6,-100.9,-78.2,-54.4,-39.7,-33.4,-31.2,-32.0,-36.5,-47.9,-71.1,-93.6,-108.6,-123.2,-110.6,-104.8,-87.2,-62.9,-43.2,-35.0,-31.9,-32.2,-35.7,-44.0,-62.8,-87.0,-102.4,-135.3,-113.7,-116.0,-128.2,-126.4,-115.9,-109.8,-113.4,-122.7,-114.3,-123.0,-122.2,-113.7,-120.0,-118.2,-118.3,-115.1,-118.1,-124.2,-115.0,-134.0,-119.8,-138.2,-114.0,-115.7,-122.7,-119.0,-119.8,-127.0,-119.9,-117.3,-122.5,-134.2,-124.9,-123.2
-102.5,-98.6,-99.0,-95.5,-117.0,-100.7,-100.7,-102.8,-97.3,-102.3,-105.4,-97.1,-108.6,-97.4,-104.3,-103.8,-97.6,-105.0,-94.7,-97.8,-99.0,-105.1,-99.4,-106.5,-101.8,-111.1,-98.8,-108.0,-97.4,-94.2,-105.5,-105.0,-114.7,-99.2,-104.2,-95.5,-104.7,-99.4,-100.2,-104.7,-102.9,-106.8,-100.8,-102.3,-104.5,-100.4,-113.9,-103.4,-97.6,-84.4,-63.4,-41.4,-28.8,-23.1,-20.7,-21.0,-24.0,-31.1,-47.6,-71.2,-88.9,-96.5,-107.9,-102.3,-109.0,-98.6,-105.2,-107.4,-118.2,-104.4,-105.1,-111.4,-100.9,-103.1,-101.3,-115.6,-102.4,-106.1,-105.6,-93.6,-72.0,-48.1,-33.2,-26.9,-24.5,-24.8,-27.8,-34.3,-48.2,-70.8,-92.6,-108.8,-111.8,-111.3,-103.7,-108.7,-107.5,-102.7,-113.8,-103.8,-118.5,-111.0,-107.0,-108.8,-109.2,-112.6,-113.0,-129.0,-115.5,-125.5,-109.8,-114.3,-113.9,-113.7,-124.7,-133.0,-123.1,-120.5,-119.3,-120.6,-124.1,-112.1,-121.1,-118.2,-114.9,-132.0,-115.8,-125.2,-125.5,-124.5,-121.7,-125.9,-127.2,-125.1,-127.8,-142.6,-129.9,-133.7,-141.2,-160.6,-137.5,-139.6,-130.5,-131.4,-142.1,-130.6,-126.1,-125.3,-125.4,-122.5,-119.8,-132.1,-123.5,-122.0,-130.7,-118.9,-117.7,-118.2,-113.3,-118.6,-116.6,-119.5,-122.3,-116.7,-140.9,-114.2,-122.7,-116.8,-113.1,-122.2,-118.9,-141.0,-113.3,-120.2,-116.4,-119.8,-112.8,-113.2,-116.0,-111.4,-136.9,-109.1,-120.8,-115.2,-113.8,-114.6,-115.1,-107.6,-94.2,-72.3,-50.8,-39.2,-33.9,-31.7,-32.1,-35.3,-43.0,-60.7,-84.6,-104.5,-106.2,-120.3,-119.7,-113.2,-119.5,-114.4,-111.2,-125.8,-125.4,-114.3,-113.3,-110.6,-125.1,-119.1,-120.6,-111.6,-119.3,-104.1,-97.6,-77.6,-54.4,-40.8,-35.0,-32.9,-33.4,-36.6,-43.6,-58.7,-81.6,-99.8,-112.3,-114.6,-117.7,-120.4,-120.8,-121.1,-112.3,-116.7,-111.3,-122.5,-124.2,-114.6,-118.9,-123.8,-117.4,-119.2,-125.8,-120.6,-121.7,-139.9,-121.5,-120.2,-132.8,-123.2,-123.4,-126.9,-126.1
-94.8,-94.9,-104.4,-116.1,-100.2,-96.5,-100.4,-102.9,-109.7,-96.0,-104.2,-105.6,-103.2,-104.6,-108.2,-106.5,-98.7,-101.0,-106.8,-121.2,-99.4,-109.0,-110.3,-101.0,-100.8,-100.3,-101.4,-98.2,-104.7,-97.2,-98.4,-102.4,-112.8,-104.4,-98.1,-96.2,-96.8,-95.0,-108.8,-94.0,-81.6,-60.3,-40.0,-28.8,-23.3,-20.7,-20.4,-22.1,-26.5,-35.9,-55.4,-78.3,-94.8,-109.9,-107.6,-98.5,-105.4,-110.8,-97.6,-101.8,-105.3,-113.2,-103.3,-105.7,-108.2,-101.7,-100.4,-106.2,-109.8,-100.6,-105.4,-106.6,-99.5,-102.2,-114.8,-103.7,-111.6,-99.1,-117.1,-113.4,-102.4,-102.1,-106.4,-108.3,-101.4,-111.0,-104.2,-98.8,-80.6,-57.9,-39.7,-31.5,-27.6,-26.4,-27.3,-30.5,-36.7,-49.2,-70.2,-89.6,-110.0,-106.8,-105.8,-106.4,-106.0,-110.0,-112.1,-118.2,-121.1,-109.3,-107.2,-113.8,-114.7,-115.8,-120.6,-110.7,-113.7,-121.6,-120.3,-125.9,-128.8,-123.2,-117.8,-112.4,-128.0,-126.6,-126.9,-125.0,-131.8,-121.8,-120.2,-129.2,-129.0,-129.5,-124.4,-126.9,-136.3,-137.0,-142.7,-159.6,-143.1,-147.3,-130.0,-127.4,-123.0,-127.4,-130.9,-128.7,-118.2,-121.1,-132.9,-121.4,-119.6,-128.6,-129.8,-119.9,-116.6,-117.1,-133.5,-120.8,-126.6,-118.8,-117.1,-117.9,-114.0,-121.5,-112.4,-122.8,-113.5,-118.4,-116.7,-123.9,-121.0,-117.0,-115.4,-120.6,-120.7,-108.0,-107.5,-92.0,-70.6,-50.9,-40.5,-35.3,-32.8,-32.5,-34.4,-39.1,-49.2,-69.5,-90.5,-104.9,-111.2,-124.5,-113.4,-119.3,-128.2,-110.5,-125.0,-110.9,-120.2,-117.3,-112.6,-126.3,-109.5,-115.0,-113.9,-116.0,-113.9,-114.9,-111.3,-107.3,-118.4,-111.9,-116.4,-120.7,-109.2,-138.3,-113.4,-115.4,-118.5,-109.6,-117.9,-124.2,-112.7,-113.2,-103.3,-86.2,-63.6,-46.6,-38.9,-35.4,-34.4,-35.4,-38.8,-45.4,-58.9,-80.5,-101.7,-112.6,-112.8,-112.1,-114.0,-115.0,-127.8,-125.6,-122.4,-123.3,-117.7,-114.2,-124.9,-119.3,-119.3,-131.9,-118.7,-121.1,-140.3
