# SIMULATION; CHAIN-EXP-016 residual spectrum; frequency_hz,residual_db_re_fs_sine
0.000,-247.611
23.438,-228.912
46.875,-218.231
70.312,-214.671
93.750,-213.286
117.188,-212.539
140.625,-211.715
164.062,-210.988
187.500,-210.053
210.938,-210.903
234.375,-208.315
257.812,-210.736
281.250,-207.530
304.688,-207.818
328.125,-212.716
351.562,-204.728
375.000,-208.531
398.438,-217.433
421.875,-204.029
445.312,-204.590
468.750,-217.591
492.188,-214.896
515.625,-202.459
539.062,-202.726
562.500,-217.459
585.938,-229.176
609.375,-211.063
632.812,-200.094
656.250,-201.954
679.688,-219.886
703.125,-234.313
726.562,-229.845
750.000,-207.934
773.438,-198.133
796.875,-200.870
820.312,-221.073
843.750,-234.654
867.188,-236.694
890.625,-228.044
914.062,-210.832
937.500,-197.328
960.938,-197.592
984.375,-212.052
1007.812,-228.621
1031.250,-237.843
1054.688,-241.702
1078.125,-236.912
1101.562,-226.479
1125.000,-204.249
1148.438,-194.685
1171.875,-197.588
1195.312,-218.345
1218.750,-232.339
1242.188,-241.005
1265.625,-247.254
1289.062,-251.188
1312.500,-249.652
1335.938,-242.356
1359.375,-229.884
1382.812,-197.751
1406.250,-192.654
1429.688,-199.628
1453.125,-232.246
1476.562,-243.844
1500.000,-251.572
1523.438,-257.028
1546.875,-259.653
1570.312,-258.140
1593.750,-253.800
1617.188,-247.764
1640.625,-239.606
1664.062,-227.017
1687.500,-195.940
1710.938,-190.958
1734.375,-198.056
1757.812,-229.662
1781.250,-241.195
1804.688,-248.842
1828.125,-254.236
1851.562,-257.018
1875.000,-256.945
1898.438,-254.169
1921.875,-250.984
1945.312,-246.727
1968.750,-241.608
1992.188,-235.167
2015.625,-226.421
2039.062,-212.215
2062.500,-192.275
2085.938,-189.640
2109.375,-199.555
2132.812,-221.105
2156.250,-231.619
2179.688,-238.930
2203.125,-244.577
2226.562,-249.190
2250.000,-253.050
2273.438,-256.455
2296.875,-259.361
2320.312,-261.720
2343.750,-263.187
2367.188,-262.949
2390.625,-260.475
2414.062,-256.250
2437.500,-250.422
2460.938,-242.421
2484.375,-230.133
2507.812,-193.017
2531.250,-187.522
2554.688,-194.075
2578.125,-231.549
2601.562,-243.347
2625.000,-251.199
2648.438,-257.044
2671.875,-261.475
2695.312,-264.161
2718.750,-265.208
2742.188,-264.884
2765.625,-263.746
2789.062,-261.926
2812.500,-259.808
2835.938,-257.410
2859.375,-254.787
2882.812,-251.795
2906.250,-248.457
2929.688,-244.596
2953.125,-240.050
2976.562,-234.509
3000.000,-227.387
3023.438,-217.276
3046.875,-197.918
3070.312,-186.549
3093.750,-188.149
3117.188,-205.387
3140.625,-220.509
3164.062,-229.552
3187.500,-236.142
3210.938,-241.363
3234.375,-245.695
3257.812,-249.351
3281.250,-252.595
3304.688,-255.467
3328.125,-257.991
3351.562,-260.204
3375.000,-262.084
3398.438,-263.506
3421.875,-264.227
3445.312,-264.158
3468.750,-263.383
3492.188,-261.634
3515.625,-259.466
3539.062,-256.812
3562.500,-253.682
3585.938,-250.147
3609.375,-245.970
3632.812,-240.963
3656.250,-234.705
3679.688,-226.307
3703.125,-213.095
3726.562,-188.235
3750.000,-184.251
3773.438,-192.478
3796.875,-218.306
3820.312,-229.395
3843.750,-236.960
3867.188,-242.753
3890.625,-247.493
3914.062,-251.444
3937.500,-254.885
3960.938,-257.882
3984.375,-260.535
4007.812,-262.790
4031.250,-264.704
4054.688,-266.153
4078.125,-267.026
4101.562,-267.280
4125.000,-266.987
4148.438,-266.089
4171.875,-264.655
4195.312,-263.340
4218.750,-261.842
4242.188,-259.967
4265.625,-257.488
4289.062,-255.832
4312.500,-253.516
4335.938,-250.866
4359.375,-247.908
4382.812,-244.677
4406.250,-240.859
4429.688,-236.414
4453.125,-231.023
4476.562,-224.149
4500.000,-214.556
4523.438,-197.455
4546.875,-183.749
4570.312,-183.899
4593.750,-198.146
4617.188,-214.860
4640.625,-224.352
4664.062,-231.176
4687.500,-236.539
4710.938,-240.956
4734.375,-244.731
4757.812,-248.022
4781.250,-250.931
4804.688,-253.544
4828.125,-255.906
4851.562,-257.947
4875.000,-259.815
4898.438,-261.335
4921.875,-263.495
4945.312,-264.901
4968.750,-266.159
4992.188,-266.695
5015.625,-265.766
5039.062,-264.771
5062.500,-267.261
5085.938,-267.640
5109.375,-266.730
5132.812,-265.728
5156.250,-264.442
5179.688,-262.909
5203.125,-261.260
5226.562,-259.522
5250.000,-257.584
5273.438,-255.445
5296.875,-253.108
5320.312,-250.535
5343.750,-247.666
5367.188,-244.435
5390.625,-240.737
5414.062,-236.415
5437.500,-231.203
5460.938,-224.623
5484.375,-215.615
5507.812,-200.592
5531.250,-183.105
5554.688,-181.400
5578.125,-192.613
5601.562,-212.167
5625.000,-222.318
5648.438,-229.459
5671.875,-235.012
5695.312,-239.566
5718.750,-243.426
5742.188,-246.750
5765.625,-249.766
5789.062,-252.433
5812.500,-254.862
5835.938,-257.068
5859.375,-259.111
5882.812,-261.005
5906.250,-262.755
5929.688,-264.396
5953.125,-265.963
5976.562,-267.445
6000.000,-268.795
6023.438,-270.137
6046.875,-271.310
6070.312,-272.566
6093.750,-273.573
6117.188,-274.491
6140.625,-275.611
6164.062,-275.616
6187.500,-276.543
6210.938,-273.160
6234.375,-272.374
6257.812,-277.423
6281.250,-278.510
6304.688,-278.052
6328.125,-277.853
6351.562,-276.231
6375.000,-275.357
6398.438,-274.096
6421.875,-272.517
6445.312,-270.639
6468.750,-268.608
6492.188,-266.362
6515.625,-263.893
6539.062,-261.135
6562.500,-258.032
6585.938,-254.503
6609.375,-250.411
6632.812,-245.507
6656.250,-239.434
6679.688,-231.344
6703.125,-218.953
6726.562,-184.330
6750.000,-179.008
6773.438,-185.742
6796.875,-220.765
6820.312,-232.501
6843.750,-240.321
6867.188,-246.293
6890.625,-251.121
6914.062,-255.178
6937.500,-258.700
6960.938,-261.789
6984.375,-264.548
7007.812,-267.007
7031.250,-267.347
7054.688,-270.013
7078.125,-273.231
7101.562,-275.043
7125.000,-276.426
7148.438,-277.816
7171.875,-272.866
7195.312,-266.117
7218.750,-270.083
7242.188,-281.043
7265.625,-281.327
7289.062,-281.895
7312.500,-281.217
7335.938,-272.936
7359.375,-269.924
7382.812,-275.425
7406.250,-279.505
7429.688,-279.242
7453.125,-278.503
7476.562,-274.526
7500.000,-265.158
7523.438,-264.958
7546.875,-273.092
7570.312,-274.299
7593.750,-273.301
7617.188,-272.290
7640.625,-271.293
7664.062,-269.775
7687.500,-268.539
7710.938,-267.804
7734.375,-266.635
7757.812,-265.242
7781.250,-263.869
7804.688,-262.433
7828.125,-260.847
7851.562,-259.217
7875.000,-257.454
7898.438,-255.568
7921.875,-253.525
7945.312,-251.321
7968.750,-248.905
7992.188,-246.235
8015.625,-243.260
8039.062,-239.909
8062.500,-236.055
8085.938,-231.504
8109.375,-225.970
8132.812,-218.854
8156.250,-208.755
8179.688,-189.460
8203.125,-178.041
8226.562,-179.606
8250.000,-196.764
8273.438,-211.921
8296.875,-220.971
8320.312,-227.571
8343.750,-232.797
8367.188,-237.130
8390.625,-240.834
8414.062,-244.073
8437.500,-246.948
8460.938,-249.534
8484.375,-251.883
8507.812,-254.041
8531.250,-256.020
8554.688,-257.871
8578.125,-259.587
8601.562,-261.186
8625.000,-262.714
8648.438,-264.107
8671.875,-265.454
8695.312,-266.407
8718.750,-267.580
8742.188,-269.039
8765.625,-270.206
8789.062,-271.173
8812.500,-272.200
8835.938,-273.081
8859.375,-273.934
8882.812,-274.817
8906.250,-275.512
8929.688,-276.201
8953.125,-276.749
8976.562,-277.336
9000.000,-277.812
9023.438,-278.160
9046.875,-278.476
9070.312,-278.489
9093.750,-278.547
9117.188,-277.661
9140.625,-278.333
9164.062,-276.042
9187.500,-277.453
9210.938,-269.823
9234.375,-267.413
9257.812,-272.574
9281.250,-274.334
9304.688,-274.116
9328.125,-273.252
9351.562,-272.737
9375.000,-272.045
9398.438,-271.090
9421.875,-270.080
9445.312,-269.020
9468.750,-267.920
9492.188,-266.613
9515.625,-264.996
9539.062,-264.148
9562.500,-262.795
9585.938,-261.353
9609.375,-259.811
9632.812,-258.159
9656.250,-256.004
9679.688,-253.944
9703.125,-252.359
9726.562,-250.231
9750.000,-247.822
9773.438,-245.141
9796.875,-242.153
9820.312,-238.771
9843.750,-234.889
9867.188,-230.303
9890.625,-224.705
9914.062,-217.485
9937.500,-207.163
9960.938,-186.723
9984.375,-176.144
10007.812,-178.292
10031.250,-196.885
10054.688,-211.503
10078.125,-220.385
10101.562,-226.899
10125.000,-232.071
10148.438,-236.368
10171.875,-240.047
10195.312,-243.265
10218.750,-246.129
10242.188,-248.701
10265.625,-251.044
10289.062,-253.182
10312.500,-255.224
10335.938,-256.968
10359.375,-258.750
10382.812,-260.351
10406.250,-261.874
10429.688,-263.304
10453.125,-264.692
10476.562,-265.840
10500.000,-266.150
10523.438,-267.648
10546.875,-267.054
10570.312,-266.929
10593.750,-271.205
10617.188,-272.331
10640.625,-273.550
10664.062,-271.095
10687.500,-265.517
10710.938,-268.981
10734.375,-276.594
10757.812,-277.790
10781.250,-278.381
10804.688,-279.270
10828.125,-279.896
10851.562,-280.291
10875.000,-280.932
10898.438,-281.391
10921.875,-282.072
10945.312,-282.372
10968.750,-282.915
10992.188,-282.718
11015.625,-283.466
11039.062,-283.284
11062.500,-283.154
11085.938,-283.257
11109.375,-282.441
11132.812,-281.280
11156.250,-281.934
11179.688,-279.400
11203.125,-280.514
11226.562,-281.267
11250.000,-280.616
11273.438,-280.372
11296.875,-279.751
11320.312,-278.861
11343.750,-278.465
11367.188,-277.727
11390.625,-276.981
11414.062,-276.178
11437.500,-275.401
11460.938,-274.544
11484.375,-273.700
11507.812,-272.773
11531.250,-271.829
11554.688,-270.851
11578.125,-269.755
11601.562,-268.749
11625.000,-267.327
11648.438,-266.452
11671.875,-265.151
11695.312,-263.453
11718.750,-262.096
11742.188,-261.056
11765.625,-259.585
11789.062,-258.025
11812.500,-256.305
11835.938,-254.483
11859.375,-252.505
11882.812,-250.366
11906.250,-248.036
11929.688,-245.471
11953.125,-242.619
11976.562,-239.433
12000.000,-235.770
12023.438,-231.509
12046.875,-226.384
12070.312,-219.947
12093.750,-211.212
12117.188,-197.041
12140.625,-176.970
12164.062,-174.290
12187.500,-184.147
12210.938,-205.806
12234.375,-216.339
12257.812,-223.658
12281.250,-229.313
12304.688,-233.933
12328.125,-237.839
12351.562,-241.259
12375.000,-244.253
12398.438,-246.953
12421.875,-249.381
12445.312,-251.559
12468.750,-253.364
12492.188,-255.293
12515.625,-257.365
12539.062,-258.991
12562.500,-260.579
12585.938,-262.023
12609.375,-263.421
12632.812,-264.642
12656.250,-265.923
12679.688,-267.227
12703.125,-268.350
12726.562,-269.475
12750.000,-270.505
12773.438,-271.540
12796.875,-272.379
12820.312,-273.352
12843.750,-274.358
12867.188,-275.162
12890.625,-276.119
12914.062,-276.750
12937.500,-277.717
12960.938,-277.444
12984.375,-275.380
13007.812,-273.202
13031.250,-263.612
13054.688,-264.666
13078.125,-278.704
13101.562,-279.737
13125.000,-282.742
13148.438,-274.268
13171.875,-269.297
13195.312,-275.384
13218.750,-284.142
13242.188,-285.777
13265.625,-285.932
13289.062,-286.892
13312.500,-286.865
13335.938,-287.322
13359.375,-287.437
13382.812,-286.806
13406.250,-288.176
13429.688,-288.609
13453.125,-287.986
13476.562,-288.441
13500.000,-288.497
13523.438,-288.884
13546.875,-287.868
13570.312,-288.014
13593.750,-285.545
13617.188,-288.601
13640.625,-284.735
13664.062,-281.319
13687.500,-284.576
13710.938,-286.072
13734.375,-285.597
13757.812,-286.057
13781.250,-285.346
13804.688,-284.669
13828.125,-284.382
13851.562,-283.913
13875.000,-283.205
13898.438,-282.257
13921.875,-281.940
13945.312,-281.205
13968.750,-280.577
13992.188,-279.796
14015.625,-279.072
14039.062,-278.202
14062.500,-277.421
14085.938,-276.218
14109.375,-275.069
14132.812,-274.728
14156.250,-273.633
14179.688,-271.683
14203.125,-271.142
14226.562,-270.218
14250.000,-269.521
14273.438,-268.705
14296.875,-267.091
14320.312,-266.030
14343.750,-264.719
14367.188,-263.299
14390.625,-261.829
14414.062,-260.246
14437.500,-258.577
14460.938,-256.785
14484.375,-254.863
14507.812,-252.808
14531.250,-250.548
14554.688,-248.095
14578.125,-245.367
14601.562,-242.334
14625.000,-238.875
14648.438,-234.906
14671.875,-230.206
14695.312,-224.425
14718.750,-216.896
14742.188,-205.888
14765.625,-180.796
14789.062,-172.351
14812.500,-176.150
14835.938,-200.188
14859.375,-213.525
14882.812,-221.970
14906.250,-228.255
14929.688,-233.278
14953.125,-237.473
14976.562,-241.079
15000.000,-244.240
15023.438,-247.052
15046.875,-249.593
15070.312,-251.903
15093.750,-254.026
15117.188,-255.956
15140.625,-257.811
15164.062,-259.482
15187.500,-261.112
15210.938,-262.600
15234.375,-264.014
15257.812,-265.362
15281.250,-266.571
15304.688,-267.909
15328.125,-268.969
15351.562,-270.140
15375.000,-271.220
15398.438,-272.149
15421.875,-273.281
15445.312,-273.488
15468.750,-273.582
15492.188,-267.217
15515.625,-259.197
15539.062,-262.661
15562.500,-276.811
15585.938,-278.538
15609.375,-279.732
15632.812,-276.430
15656.250,-274.668
15679.688,-279.988
15703.125,-282.538
15726.562,-283.253
15750.000,-284.001
15773.438,-284.641
15796.875,-284.951
15820.312,-285.973
15843.750,-285.579
15867.188,-286.661
15890.625,-287.049
15914.062,-287.990
15937.500,-288.302
15960.938,-288.543
15984.375,-289.497
16007.812,-289.517
16031.250,-289.284
16054.688,-289.978
16078.125,-287.360
16101.562,-287.409
16125.000,-288.033
16148.438,-285.937
16171.875,-290.131
16195.312,-290.136
16218.750,-290.584
16242.188,-294.402
16265.625,-292.224
16289.062,-292.537
16312.500,-294.886
16335.938,-295.026
16359.375,-292.794
16382.812,-292.882
16406.250,-295.757
16429.688,-296.985
16453.125,-297.329
16476.562,-298.453
16500.000,-297.212
16523.438,-299.484
16546.875,-295.012
16570.312,-284.660
16593.750,-283.185
16617.188,-292.115
16640.625,-285.052
16664.062,-277.292
16687.500,-279.117
16710.938,-279.625
16734.375,-283.313
16757.812,-286.602
16781.250,-288.433
16804.688,-298.237
16828.125,-300.201
16851.562,-299.334
16875.000,-297.966
16898.438,-298.675
16921.875,-293.635
16945.312,-286.741
16968.750,-287.021
16992.188,-295.051
17015.625,-296.427
17039.062,-295.310
17062.500,-291.238
17085.938,-276.893
17109.375,-266.684
17132.812,-268.682
17156.250,-283.802
17179.688,-290.410
17203.125,-289.852
17226.562,-287.077
17250.000,-266.363
17273.438,-260.767
17296.875,-267.001
17320.312,-287.839
17343.750,-292.956
17367.188,-295.232
17390.625,-289.244
17414.062,-276.137
17437.500,-273.659
17460.938,-281.970
17484.375,-293.523
17507.812,-293.877
17531.250,-292.989
17554.688,-291.706
17578.125,-284.432
17601.562,-280.904
17625.000,-285.906
17648.438,-285.748
17671.875,-284.170
17695.312,-282.549
17718.750,-280.398
17742.188,-278.173
17765.625,-275.613
17789.062,-273.029
17812.500,-270.008
17835.938,-266.525
17859.375,-262.480
17882.812,-257.639
17906.250,-251.642
17929.688,-243.697
17953.125,-231.670
17976.562,-176.489
18000.000,-170.471
18023.438,-176.489
18046.875,-231.659
18070.312,-243.718
18093.750,-251.645
18117.188,-257.584
18140.625,-262.314
18164.062,-266.484
18187.500,-270.062
18210.938,-273.052
18234.375,-275.747
18257.812,-278.291
18281.250,-280.414
18304.688,-282.468
18328.125,-283.973
18351.562,-285.345
18375.000,-287.636
18398.438,-288.942
18421.875,-289.950
18445.312,-290.807
18468.750,-292.973
18492.188,-292.201
18515.625,-291.389
18539.062,-293.567
18562.500,-290.743
18585.938,-292.634
18609.375,-287.695
18632.812,-286.676
18656.250,-293.743
18679.688,-292.238
18703.125,-295.122
18726.562,-298.606
18750.000,-297.356
18773.438,-298.047
18796.875,-301.898
18820.312,-298.929
18843.750,-294.840
18867.188,-296.138
18890.625,-298.999
18914.062,-301.711
18937.500,-306.275
18960.938,-306.447
18984.375,-302.873
19007.812,-297.351
19031.250,-296.472
19054.688,-286.340
19078.125,-287.034
19101.562,-297.465
19125.000,-286.609
19148.438,-281.546
19171.875,-283.911
19195.312,-282.515
19218.750,-287.823
19242.188,-286.489
19265.625,-289.254
19289.062,-304.458
19312.500,-303.710
19335.938,-304.745
19359.375,-301.713
19382.812,-299.575
19406.250,-290.917
19429.688,-285.077
19453.125,-287.916
19476.562,-299.787
19500.000,-302.606
19523.438,-298.704
19546.875,-295.991
19570.312,-279.513
19593.750,-272.030
19617.188,-276.452
19640.625,-293.491
19664.062,-295.047
19687.500,-292.537
19710.938,-285.469
19734.375,-267.821
19757.812,-264.667
19781.250,-273.368
19804.688,-289.271
19828.125,-294.056
19851.562,-295.886
19875.000,-287.488
19898.438,-274.766
19921.875,-274.098
19945.312,-284.858
19968.750,-301.817
19992.188,-302.305
20015.625,-303.576
20039.062,-300.932
20062.500,-286.858
20085.938,-285.171
20109.375,-293.691
20132.812,-295.195
20156.250,-296.918
20179.688,-297.914
20203.125,-296.074
20226.562,-290.092
20250.000,-289.004
20273.438,-292.111
20296.875,-299.392
20320.312,-298.276
20343.750,-297.877
20367.188,-296.463
20390.625,-292.120
20414.062,-282.611
20437.500,-279.941
20460.938,-262.713
20484.375,-259.267
20507.812,-267.763
20531.250,-286.041
20554.688,-291.704
20578.125,-289.643
20601.562,-280.070
20625.000,-281.858
20648.438,-294.758
20671.875,-296.693
20695.312,-303.839
20718.750,-306.389
20742.188,-306.393
20765.625,-301.669
20789.062,-298.594
20812.500,-294.556
20835.938,-294.997
20859.375,-301.118
20882.812,-303.959
20906.250,-299.542
20929.688,-300.754
20953.125,-301.040
20976.562,-296.909
21000.000,-295.206
21023.438,-296.237
21046.875,-290.128
21070.312,-293.880
21093.750,-290.652
21117.188,-291.336
21140.625,-293.982
21164.062,-292.298
21187.500,-297.607
21210.938,-301.290
21234.375,-296.909
21257.812,-299.104
21281.250,-304.957
21304.688,-298.506
21328.125,-294.148
21351.562,-297.968
21375.000,-301.773
21398.438,-304.630
21421.875,-310.142
21445.312,-308.497
21468.750,-303.954
21492.188,-299.120
21515.625,-293.242
21539.062,-284.353
21562.500,-287.470
21585.938,-297.030
21609.375,-283.799
21632.812,-280.850
21656.250,-281.686
21679.688,-281.203
21703.125,-288.155
21726.562,-288.264
21750.000,-294.171
21773.438,-306.459
21796.875,-306.294
21820.312,-303.180
21843.750,-302.189
21867.188,-299.581
21890.625,-292.062
21914.062,-288.549
21937.500,-293.626
21960.938,-304.628
21984.375,-305.598
22007.812,-300.574
22031.250,-299.550
22054.688,-276.998
22078.125,-272.060
22101.562,-279.194
22125.000,-303.150
22148.438,-302.910
22171.875,-298.474
22195.312,-286.961
22218.750,-272.137
22242.188,-271.259
22265.625,-282.443
22289.062,-295.312
22312.500,-299.557
22335.938,-299.010
22359.375,-287.042
22382.812,-278.015
22406.250,-279.303
22429.688,-291.492
22453.125,-303.387
22476.562,-305.376
22500.000,-306.528
22523.438,-295.992
22546.875,-283.961
22570.312,-284.640
22593.750,-295.244
22617.188,-296.706
22640.625,-299.283
22664.062,-300.210
22687.500,-297.202
22710.938,-291.802
22734.375,-291.349
22757.812,-294.731
22781.250,-299.388
22804.688,-297.466
22828.125,-297.812
22851.562,-296.306
22875.000,-291.335
22898.438,-284.104
22921.875,-278.549
22945.312,-264.691
22968.750,-263.585
22992.188,-274.151
23015.625,-286.651
23039.062,-291.518
23062.500,-285.974
23085.938,-278.831
23109.375,-282.928
23132.812,-296.126
23156.250,-298.418
23179.688,-303.203
23203.125,-304.528
23226.562,-304.172
23250.000,-302.025
23273.438,-299.035
23296.875,-292.902
23320.312,-294.347
23343.750,-301.926
23367.188,-301.956
23390.625,-297.835
23414.062,-300.645
23437.500,-300.182
23460.938,-293.990
23484.375,-294.142
23507.812,-296.733
23531.250,-293.194
23554.688,-296.038
23578.125,-288.756
23601.562,-291.801
23625.000,-294.638
23648.438,-293.976
23671.875,-298.929
23695.312,-300.986
23718.750,-299.702
23742.188,-302.958
23765.625,-303.389
23789.062,-297.645
23812.500,-294.975
23835.938,-298.716
23859.375,-301.166
23882.812,-306.039
23906.250,-309.619
23929.688,-308.425
23953.125,-300.252
23976.562,-297.951
24000.000,-292.619
24023.438,-286.658
24046.875,-291.929
24070.312,-297.983
24093.750,-286.043
24117.188,-285.031
24140.625,-284.608
24164.062,-284.815
24187.500,-290.431
24210.938,-287.856
24234.375,-295.185
24257.812,-306.264
24281.250,-306.510
24304.688,-303.539
24328.125,-303.074
24351.562,-295.976
24375.000,-289.574
24398.438,-287.307
24421.875,-294.610
24445.312,-303.650
24468.750,-303.219
24492.188,-298.157
24515.625,-295.388
24539.062,-279.231
24562.500,-276.795
24585.938,-286.659
24609.375,-301.447
24632.812,-303.508
24656.250,-299.428
24679.688,-282.481
24703.125,-271.060
24726.562,-272.432
24750.000,-287.379
24773.438,-300.621
24796.875,-303.513
24820.312,-299.703
24843.750,-284.032
24867.188,-276.518
24890.625,-279.569
24914.062,-293.760
24937.500,-303.079
24960.938,-305.737
24984.375,-305.543
25007.812,-294.779
25031.250,-286.097
25054.688,-289.131
25078.125,-297.841
25101.562,-296.848
25125.000,-303.113
25148.438,-303.304
25171.875,-296.667
25195.312,-290.333
25218.750,-290.154
25242.188,-294.857
25265.625,-302.036
25289.062,-302.448
25312.500,-303.925
25335.938,-303.745
25359.375,-290.550
25382.812,-284.072
25406.250,-280.305
25429.688,-269.440
25453.125,-270.614
25476.562,-283.935
25500.000,-291.746
25523.438,-299.875
25546.875,-287.433
25570.312,-282.384
25593.750,-288.722
25617.188,-295.997
25640.625,-298.669
25664.062,-306.742
25687.500,-308.256
25710.938,-305.328
25734.375,-301.313
25757.812,-297.775
25781.250,-293.813
25804.688,-296.968
25828.125,-302.896
25851.562,-302.929
25875.000,-300.621
25898.438,-301.542
25921.875,-300.161
25945.312,-295.387
25968.750,-296.963
25992.188,-294.291
26015.625,-291.905
26039.062,-296.261
26062.500,-291.874
26085.938,-295.467
26109.375,-292.669
26132.812,-294.066
26156.250,-300.815
26179.688,-300.732
26203.125,-298.630
26226.562,-303.432
26250.000,-303.401
26273.438,-296.028
26296.875,-294.916
26320.312,-300.719
26343.750,-302.721
26367.188,-306.435
26390.625,-308.874
26414.062,-307.177
26437.500,-300.757
26460.938,-299.677
26484.375,-289.200
26507.812,-285.527
26531.250,-292.729
26554.688,-293.468
26578.125,-283.907
26601.562,-283.645
26625.000,-282.121
26648.438,-284.240
26671.875,-290.499
26695.312,-290.720
26718.750,-301.082
26742.188,-306.713
26765.625,-306.788
26789.062,-301.826
26812.500,-302.782
26835.938,-296.246
26859.375,-291.484
26882.812,-291.403
26906.250,-299.197
26929.688,-303.976
26953.125,-302.499
26976.562,-298.646
27000.000,-289.949
27023.438,-277.035
27046.875,-276.944
27070.312,-289.498
27093.750,-299.060
27117.188,-299.840
27140.625,-298.174
27164.062,-282.942
27187.500,-274.843
27210.938,-278.416
27234.375,-292.747
27257.812,-302.306
27281.250,-304.157
27304.688,-297.646
27328.125,-284.795
27351.562,-279.878
27375.000,-284.772
27398.438,-299.385
27421.875,-303.706
27445.312,-307.445
27468.750,-306.868
27492.188,-290.285
27515.625,-283.997
27539.062,-289.483
27562.500,-299.435
27585.938,-299.654
27609.375,-305.397
27632.812,-304.310
27656.250,-297.342
27679.688,-292.615
27703.125,-292.405
27726.562,-298.181
27750.000,-300.294
27773.438,-302.100
27796.875,-306.612
27820.312,-306.290
27843.750,-291.715
27867.188,-286.882
27890.625,-277.217
27914.062,-268.831
27937.500,-272.195
27960.938,-286.215
27984.375,-291.973
28007.812,-299.803
28031.250,-284.220
28054.688,-281.531
28078.125,-290.735
28101.562,-298.235
28125.000,-302.738
28148.438,-308.721
28171.875,-310.239
28195.312,-304.619
28218.750,-302.389
28242.188,-295.977
28265.625,-292.585
28289.062,-297.712
28312.500,-304.741
28335.938,-301.068
28359.375,-299.852
28382.812,-302.713
28406.250,-297.252
28429.688,-292.892
28453.125,-296.279
28476.562,-295.736
28500.000,-295.696
28523.438,-294.183
28546.875,-290.672
28570.312,-296.062
28593.750,-293.860
28617.188,-296.213
28640.625,-300.328
28664.062,-301.395
28687.500,-301.639
28710.938,-304.836
28734.375,-301.292
28757.812,-295.716
28781.250,-295.967
28804.688,-301.154
28828.125,-303.430
28851.562,-308.879
28875.000,-309.466
28898.438,-305.920
28921.875,-298.155
28945.312,-298.798
28968.750,-289.971
28992.188,-288.496
29015.625,-297.468
29039.062,-293.702
29062.500,-286.734
29085.938,-287.536
29109.375,-284.585
29132.812,-288.480
29156.250,-290.067
29179.688,-290.735
29203.125,-303.288
29226.562,-306.704
29250.000,-306.895
29273.438,-302.934
29296.875,-302.043
29320.312,-293.487
29343.750,-289.254
29367.188,-290.837
29390.625,-301.346
29414.062,-305.213
29437.500,-301.131
29460.938,-298.082
29484.375,-289.630
29507.812,-279.746
29531.250,-281.987
29554.688,-297.361
29578.125,-302.153
29601.562,-300.610
29625.000,-297.357
29648.438,-279.316
29671.875,-273.792
29695.312,-279.594
29718.750,-295.371
29742.188,-301.948
29765.625,-303.383
29789.062,-296.679
29812.500,-281.818
29835.938,-278.523
29859.375,-285.504
29882.812,-302.754
29906.250,-304.994
29929.688,-309.259
29953.125,-305.805
29976.562,-290.834
30000.000,-287.050
30023.438,-294.326
30046.875,-296.468
30070.312,-298.194
30093.750,-302.661
30117.188,-300.792
30140.625,-294.052
30164.062,-290.642
30187.500,-291.186
30210.938,-298.903
30234.375,-301.335
30257.812,-304.681
30281.250,-305.403
30304.688,-302.876
30328.125,-288.668
30351.562,-286.724
30375.000,-278.661
30398.438,-272.991
30421.875,-278.696
30445.312,-290.667
30468.750,-296.097
30492.188,-298.215
30515.625,-286.015
30539.062,-285.702
30562.500,-295.763
30585.938,-296.247
30609.375,-302.780
30632.812,-309.152
30656.250,-309.420
30679.688,-304.009
30703.125,-301.170
30726.562,-295.441
30750.000,-294.266
30773.438,-300.055
30796.875,-304.637
30820.312,-302.413
30843.750,-302.129
30867.188,-301.247
30890.625,-297.690
30914.062,-295.063
30937.500,-298.599
30960.938,-293.321
30984.375,-295.360
31007.812,-295.576
31031.250,-294.243
31054.688,-295.019
31078.125,-292.597
31101.562,-296.930
31125.000,-301.912
31148.438,-300.308
31171.875,-300.984
31195.312,-305.361
31218.750,-300.234
31242.188,-294.569
31265.625,-296.975
31289.062,-303.102
31312.500,-304.190
31335.938,-309.769
31359.375,-309.174
31382.812,-305.913
31406.250,-299.532
31429.688,-297.964
31453.125,-287.344
31476.562,-288.095
31500.000,-298.045
31523.438,-289.776
31546.875,-285.127
31570.312,-284.825
31593.750,-282.739
31617.188,-288.645
31640.625,-291.012
31664.062,-294.769
31687.500,-307.576
31710.938,-307.703
31734.375,-304.731
31757.812,-302.142
31781.250,-301.531
31804.688,-294.253
31828.125,-291.821
31851.562,-295.393
31875.000,-304.854
31898.438,-306.101
31921.875,-301.660
31945.312,-300.323
31968.750,-285.320
31992.188,-278.058
32015.625,-282.762
32039.062,-304.779
32062.500,-306.433
32085.938,-302.325
32109.375,-298.756
32132.812,-280.955
32156.250,-277.777
32179.688,-285.596
32203.125,-297.630
32226.562,-304.076
32250.000,-304.125
32273.438,-294.038
32296.875,-283.573
32320.312,-282.312
32343.750,-290.883
32367.188,-303.717
32390.625,-305.330
32414.062,-307.906
32437.500,-301.500
32460.938,-287.260
32484.375,-285.874
32507.812,-295.340
32531.250,-297.677
32554.688,-300.618
32578.125,-303.814
32601.562,-301.248
32625.000,-295.096
32648.438,-292.371
32671.875,-293.799
32695.312,-301.704
32718.750,-299.827
32742.188,-303.738
32765.625,-304.595
32789.062,-299.851
32812.500,-289.747
32835.938,-287.964
32859.375,-275.682
32882.812,-272.445
32906.250,-279.915
32929.688,-289.500
32953.125,-295.334
32976.562,-292.927
33000.000,-283.595
33023.438,-285.573
33046.875,-297.053
33070.312,-298.556
33093.750,-305.848
33117.188,-308.752
33140.625,-307.840
33164.062,-303.791
33187.500,-301.384
33210.938,-293.464
33234.375,-293.300
33257.812,-301.125
33281.250,-304.554
33304.688,-300.592
33328.125,-301.847
33351.562,-301.281
33375.000,-294.265
33398.438,-293.223
33421.875,-298.513
33445.312,-295.663
33468.750,-299.251
33492.188,-292.971
33515.625,-293.819
33539.062,-295.757
33562.500,-294.365
33585.938,-298.673
33609.375,-301.020
33632.812,-302.029
33656.250,-303.880
33679.688,-303.996
33703.125,-298.729
33726.562,-294.934
33750.000,-298.274
33773.438,-302.370
33796.875,-305.339
33820.312,-310.066
33843.750,-309.106
33867.188,-302.049
33890.625,-297.714
33914.062,-296.732
33937.500,-288.931
33960.938,-291.795
33984.375,-300.816
34007.812,-291.136
34031.250,-288.418
34054.688,-287.402
34078.125,-285.841
34101.562,-292.460
34125.000,-290.182
34148.438,-295.108
34171.875,-308.004
34195.312,-307.867
34218.750,-304.749
34242.188,-303.161
34265.625,-298.034
34289.062,-292.079
34312.500,-290.228
34335.938,-295.436
34359.375,-304.294
34382.812,-304.860
34406.250,-299.237
34429.688,-299.025
34453.125,-285.992
34476.562,-281.433
34500.000,-288.640
34523.438,-303.338
34546.875,-306.128
34570.312,-302.508
34593.750,-292.881
34617.188,-278.030
34640.625,-277.080
34664.062,-287.873
34687.500,-301.403
34710.938,-305.060
34734.375,-303.503
34757.812,-290.983
34781.250,-281.016
34804.688,-281.496
34828.125,-292.474
34851.562,-304.120
34875.000,-306.329
34898.438,-307.576
34921.875,-299.810
34945.312,-288.836
34968.750,-289.691
34992.188,-298.067
35015.625,-296.160
35039.062,-301.554
35062.500,-304.053
35085.938,-299.564
35109.375,-292.783
35132.812,-290.277
35156.250,-292.896
35179.688,-301.865
35203.125,-301.826
35226.562,-306.235
35250.000,-306.412
35273.438,-296.802
35296.875,-287.998
35320.312,-288.452
35343.750,-277.806
35367.188,-276.836
35390.625,-286.772
35414.062,-293.159
35437.500,-300.902
35460.938,-293.446
35484.375,-286.241
35507.812,-290.348
35531.250,-296.367
35554.688,-297.297
35578.125,-306.822
35601.562,-309.390
35625.000,-307.069
35648.438,-303.129
35671.875,-299.687
35695.312,-293.910
35718.750,-295.728
35742.188,-302.295
35765.625,-304.710
35789.062,-302.498
35812.500,-302.295
35835.938,-300.396
35859.375,-295.584
35882.812,-296.086
35906.250,-297.796
35929.688,-293.848
35953.125,-298.875
35976.562,-295.199
36000.000,-296.883
36023.438,-293.255
36046.875,-293.772
36070.312,-300.098
36093.750,-302.101
36117.188,-301.033
36140.625,-304.041
36164.062,-304.310
36187.500,-297.348
36210.938,-294.628
36234.375,-300.075
36257.812,-303.239
36281.250,-305.598
36304.688,-309.807
36328.125,-308.166
36351.562,-302.219
36375.000,-299.529
36398.438,-293.147
36421.875,-287.208
36445.312,-292.001
36468.750,-297.807
36492.188,-288.253
36515.625,-286.654
36539.062,-284.454
36562.500,-284.827
36585.938,-292.545
36609.375,-292.281
36632.812,-300.179
36656.250,-307.688
36679.688,-308.267
36703.125,-302.654
36726.562,-302.876
36750.000,-297.836
36773.438,-293.446
36796.875,-293.608
36820.312,-299.740
36843.750,-304.927
36867.188,-304.440
36890.625,-300.244
36914.062,-297.056
36937.500,-282.665
36960.938,-280.511
36984.375,-290.323
37007.812,-301.734
37031.250,-302.914
37054.688,-300.605
37078.125,-291.224
37101.562,-280.450
37125.000,-281.676
37148.438,-292.964
37171.875,-302.243
37195.312,-305.233
37218.750,-301.691
37242.188,-290.368
37265.625,-283.396
37289.062,-285.745
37312.500,-298.086
37335.938,-304.122
37359.375,-307.530
37382.812,-307.568
37406.250,-294.991
37429.688,-286.182
37453.125,-289.350
37476.562,-299.550
37500.000,-298.670
37523.438,-304.495
37546.875,-304.879
37570.312,-300.000
37593.750,-294.571
37617.188,-292.147
37640.625,-296.217
37664.062,-300.544
37687.500,-300.872
37710.938,-307.444
37734.375,-307.834
37757.812,-296.847
37781.250,-290.022
37804.688,-285.976
37828.125,-275.416
37851.562,-276.598
37875.000,-287.350
37898.438,-292.760
37921.875,-300.977
37945.312,-289.296
37968.750,-284.523
37992.188,-291.161
38015.625,-298.116
38039.062,-300.869
38062.500,-308.317
38085.938,-310.609
38109.375,-305.771
38132.812,-303.693
38156.250,-297.470
38179.688,-292.182
38203.125,-295.712
38226.562,-304.153
38250.000,-303.584
38273.438,-301.375
38296.875,-303.025
38320.312,-298.174
38343.750,-292.517
38367.188,-294.957
38390.625,-298.588
38414.062,-296.995
38437.500,-298.753
38460.938,-293.418
38484.375,-296.971
38507.812,-294.436
38531.250,-296.049
38554.688,-300.070
38578.125,-301.894
38601.562,-303.191
38625.000,-305.182
38648.438,-302.158
38671.875,-296.529
38695.312,-295.325
38718.750,-301.239
38742.188,-303.504
38765.625,-307.759
38789.062,-309.816
38812.500,-307.824
38835.938,-299.086
38859.375,-298.621
38882.812,-293.205
38906.250,-289.525
38929.688,-296.194
38953.125,-298.175
38976.562,-290.336
39000.000,-290.207
39023.438,-286.577
39046.875,-288.577
39070.312,-293.000
39093.750,-291.860
39117.188,-301.692
39140.625,-307.888
39164.062,-308.269
39187.500,-303.462
39210.938,-303.385
39234.375,-295.090
39257.812,-291.526
39281.250,-292.456
39304.688,-300.896
39328.125,-305.469
39351.562,-302.699
39375.000,-298.567
39398.438,-295.911
39421.875,-284.403
39445.312,-284.557
39468.750,-297.087
39492.188,-303.921
39515.625,-303.579
39539.062,-300.755
39562.500,-286.250
39585.938,-278.274
39609.375,-281.635
39632.812,-295.617
39656.250,-303.413
39679.688,-305.036
39703.125,-301.695
39726.562,-286.943
39750.000,-281.286
39773.438,-285.638
39796.875,-300.905
39820.312,-304.923
39843.750,-309.365
39867.188,-307.238
39890.625,-294.739
39914.062,-288.724
39937.500,-293.834
39960.938,-296.829
39984.375,-297.062
40007.812,-302.932
40031.250,-301.962
40054.688,-296.620
40078.125,-291.927
40101.562,-290.366
40125.000,-296.301
40148.438,-301.006
40171.875,-303.546
40195.312,-307.005
40218.750,-307.268
40242.188,-293.066
40265.625,-289.117
40289.062,-286.021
40312.500,-278.233
40335.938,-281.676
40359.375,-292.139
40382.812,-296.470
40406.250,-302.301
40429.688,-290.276
40453.125,-287.959
40476.562,-295.811
40500.000,-295.765
40523.438,-300.334
40546.875,-308.894
40570.312,-309.987
40593.750,-305.219
40617.188,-302.889
40640.625,-296.518
40664.062,-293.584
40687.500,-298.437
40710.938,-304.247
40734.375,-304.285
40757.812,-303.204
40781.250,-301.561
40804.688,-298.132
40828.125,-294.587
40851.562,-298.281
40875.000,-296.089
40898.438,-296.190
40921.875,-299.331
40945.312,-296.357
40968.750,-295.917
40992.188,-292.620
41015.625,-296.174
41039.062,-301.717
41062.500,-302.098
41085.938,-302.237
41109.375,-305.585
41132.812,-301.742
41156.250,-295.283
41179.688,-296.015
41203.125,-303.268
41226.562,-303.864
41250.000,-308.549
41273.438,-309.644
41296.875,-307.577
41320.312,-300.239
41343.750,-300.041
41367.188,-290.069
41390.625,-288.496
41414.062,-296.660
41437.500,-294.080
41460.938,-288.201
41484.375,-287.484
41507.812,-284.267
41531.250,-288.401
41554.688,-293.342
41578.125,-295.145
41601.562,-306.980
41625.000,-308.288
41648.438,-306.360
41671.875,-302.239
41695.312,-303.122
41718.750,-295.485
41742.188,-293.522
41765.625,-296.331
41789.062,-304.391
41812.500,-306.277
41835.938,-302.753
41859.375,-300.351
41882.812,-291.460
41906.250,-281.931
41929.688,-284.408
41953.125,-301.709
41976.562,-306.871
42000.000,-303.487
42023.438,-302.675
42046.875,-286.817
42070.312,-281.348
42093.750,-286.655
42117.188,-297.885
42140.625,-305.000
42164.062,-306.030
42187.500,-298.702
42210.938,-287.759
42234.375,-284.328
42257.812,-290.302
42281.250,-303.591
42304.688,-305.042
42328.125,-308.794
42351.562,-305.480
42375.000,-290.549
42398.438,-287.021
42421.875,-294.424
42445.312,-297.838
42468.750,-299.693
42492.188,-304.552
42515.625,-302.777
42539.062,-297.441
42562.500,-293.221
42585.938,-292.623
42609.375,-300.195
42632.812,-299.650
42656.250,-303.156
42679.688,-307.214
42703.125,-304.795
42726.562,-293.630
42750.000,-290.921
42773.438,-281.977
42796.875,-276.613
42820.312,-281.870
42843.750,-290.738
42867.188,-295.865
42890.625,-297.775
42914.062,-287.139
42937.500,-287.110
42960.938,-296.820
42984.375,-297.750
43007.812,-304.234
43031.250,-308.893
43054.688,-309.433
43078.125,-304.506
43101.562,-303.173
43125.000,-294.184
43148.438,-292.247
43171.875,-299.049
43195.312,-305.186
43218.750,-302.598
43242.188,-302.563
43265.625,-302.023
43289.062,-294.692
43312.500,-292.286
43335.938,-297.925
43359.375,-297.783
43382.812,-300.147
43406.250,-296.566
43429.688,-295.300
43453.125,-296.524
43476.562,-294.411
43500.000,-298.295
43523.438,-300.662
43546.875,-302.989
43570.312,-304.447
43593.750,-304.571
43617.188,-299.752
43640.625,-295.171
43664.062,-297.183
43687.500,-302.988
43710.938,-304.656
43734.375,-309.759
43757.812,-309.304
43781.250,-304.114
43804.688,-297.840
43828.125,-299.081
43851.562,-290.993
43875.000,-291.559
43898.438,-300.271
43921.875,-295.032
43945.312,-290.898
43968.750,-289.983
43992.188,-286.907
44015.625,-292.709
44039.062,-292.279
44062.500,-295.006
44085.938,-307.918
44109.375,-308.513
44132.812,-306.072
44156.250,-303.144
44179.688,-300.209
44203.125,-293.367
44226.562,-292.061
44250.000,-295.820
44273.438,-304.195
44296.875,-305.665
44320.312,-300.315
44343.750,-299.115
44367.188,-291.118
44390.625,-284.528
44414.062,-289.388
44437.500,-303.424
44460.938,-307.086
44484.375,-303.653
44507.812,-300.781
44531.250,-282.970
44554.688,-279.790
44578.125,-287.689
44601.562,-301.420
44625.000,-305.601
44648.438,-305.404
44671.875,-296.593
44695.312,-284.630
44718.750,-282.881
44742.188,-291.166
44765.625,-304.621
44789.062,-306.058
44812.500,-309.134
44835.938,-304.068
44859.375,-291.581
44882.812,-290.304
44906.250,-297.873
44929.688,-295.709
44953.125,-299.697
44976.562,-304.478
45000.000,-300.978
45023.438,-294.865
45046.875,-290.593
45070.312,-291.235
45093.750,-300.515
45117.188,-300.982
45140.625,-305.994
45164.062,-307.280
45187.500,-302.197
45210.938,-291.125
45234.375,-291.211
45257.812,-283.134
45281.250,-280.056
45304.688,-287.714
45328.125,-294.235
45351.562,-300.500
45375.000,-298.286
45398.438,-289.184
45421.875,-291.246
45445.312,-296.763
45468.750,-296.023
45492.188,-304.732
45515.625,-309.254
45539.062,-308.291
45562.500,-304.069
45585.938,-301.530
45609.375,-294.253
45632.812,-294.483
45656.250,-301.091
45679.688,-305.102
45703.125,-303.873
45726.562,-303.089
45750.000,-300.643
45773.438,-295.713
45796.875,-295.013
45820.312,-299.827
45843.750,-295.601
45867.188,-299.560
45890.625,-297.980
45914.062,-298.055
45937.500,-293.715
45960.938,-293.326
45984.375,-299.230
46007.812,-302.252
46031.250,-302.614
46054.688,-304.416
46078.125,-304.848
46101.562,-298.819
46125.000,-294.646
46148.438,-298.779
46171.875,-303.670
46195.312,-304.709
46218.750,-309.969
46242.188,-308.588
46265.625,-303.843
46289.062,-299.372
46312.500,-296.685
46335.938,-288.728
46359.375,-291.248
46382.812,-298.570
46406.250,-291.726
46429.688,-288.968
46453.125,-286.718
46476.562,-285.467
46500.000,-292.953
46523.438,-293.682
46546.875,-299.358
46570.312,-308.264
46593.750,-309.128
46617.188,-303.732
46640.625,-302.667
46664.062,-299.552
46687.500,-294.355
46710.938,-294.856
46734.375,-299.870
46757.812,-305.166
46781.250,-305.560
46804.688,-301.148
46828.125,-300.076
46851.562,-287.119
46875.000,-282.945
46898.438,-290.264
46921.875,-302.850
46945.312,-304.673
46968.750,-301.497
46992.188,-297.797
47015.625,-284.579
47039.062,-283.645
47062.500,-292.638
47085.938,-301.665
47109.375,-305.639
47132.812,-304.192
47156.250,-294.886
47179.688,-286.295
47203.125,-286.480
47226.562,-296.395
47250.000,-304.358
47273.438,-306.951
47296.875,-308.387
47320.312,-299.861
47343.750,-288.414
47367.188,-289.387
47390.625,-299.156
47414.062,-297.920
47437.500,-303.009
47460.938,-305.257
47484.375,-301.478
47507.812,-296.337
47531.250,-292.136
47554.688,-294.316
47578.125,-300.712
47601.562,-299.764
47625.000,-306.636
47648.438,-308.387
47671.875,-301.356
47695.312,-292.684
47718.750,-291.538
47742.188,-279.896
47765.625,-279.014
47789.062,-287.821
47812.500,-293.455
47835.938,-300.377
47859.375,-293.655
47882.812,-286.847
47906.250,-291.254
47929.688,-298.147
47953.125,-299.200
47976.562,-307.454
48000.000,-310.270
48023.438,-306.922
48046.875,-304.238
48070.312,-299.244
48093.750,-292.087
48117.188,-293.901
48140.625,-302.813
48164.062,-305.013
48187.500,-302.637
48210.938,-303.388
48234.375,-299.280
48257.812,-292.324
48281.250,-293.484
48304.688,-300.171
48328.125,-298.148
48351.562,-301.905
48375.000,-295.792
48398.438,-297.713
48421.875,-294.784
48445.312,-295.677
48468.750,-299.840
48492.188,-301.477
48515.625,-304.112
48539.062,-305.447
48562.500,-302.873
48585.938,-297.438
48609.375,-294.950
48632.812,-300.137
48656.250,-303.728
48679.688,-306.608
48703.125,-310.146
48726.562,-308.944
48750.000,-300.354
48773.438,-298.067
48796.875,-296.166
48820.312,-290.467
48843.750,-294.906
48867.188,-300.124
48890.625,-293.296
48914.062,-292.228
48937.500,-288.611
48960.938,-288.697
48984.375,-295.138
49007.812,-292.909
49031.250,-300.205
49054.688,-308.669
49078.125,-309.232
49101.562,-304.250
49125.000,-303.779
49148.438,-296.702
49171.875,-292.752
49195.312,-293.537
49218.750,-300.260
49242.188,-305.498
49265.625,-304.124
49289.062,-299.104
49312.500,-299.044
49335.938,-288.151
49359.375,-286.309
49382.812,-296.142
49406.250,-304.014
49429.688,-305.444
49453.125,-301.924
49476.562,-292.204
49500.000,-281.686
49523.438,-282.860
49546.875,-294.620
49570.312,-303.463
49593.750,-305.428
49617.188,-304.128
49640.625,-291.555
49664.062,-283.669
49687.500,-285.785
49710.938,-298.551
49734.375,-304.838
49757.812,-308.597
49781.250,-308.101
49804.688,-298.735
49828.125,-290.462
49851.562,-293.442
49875.000,-297.297
49898.438,-295.982
49921.875,-302.101
49945.312,-302.604
49968.750,-298.289
49992.188,-293.193
50015.625,-289.845
50039.062,-293.863
50062.500,-300.824
50085.938,-302.116
50109.375,-307.557
50132.812,-308.289
50156.250,-297.095
50179.688,-291.085
50203.125,-291.214
50226.562,-281.943
50250.000,-283.292
50273.438,-292.921
50296.875,-296.716
50320.312,-303.303
50343.750,-293.957
50367.188,-289.709
50390.625,-295.671
50414.062,-295.600
50437.500,-298.190
50460.938,-308.250
50484.375,-310.032
50507.812,-306.200
50531.250,-303.855
50554.688,-297.892
50578.125,-293.170
50601.562,-296.710
50625.000,-303.485
50648.438,-305.372
50671.875,-304.109
50695.312,-302.099
50718.750,-298.610
50742.188,-294.149
50765.625,-296.902
50789.062,-298.583
50812.500,-296.922
50835.938,-301.928
50859.375,-298.186
50882.812,-296.889
50906.250,-292.519
50929.688,-295.358
50953.125,-301.303
50976.562,-302.656
51000.000,-303.212
51023.438,-305.724
51046.875,-302.929
51070.312,-296.242
51093.750,-295.336
51117.188,-302.393
51140.625,-303.783
51164.062,-307.142
51187.500,-310.193
51210.938,-308.666
51234.375,-301.245
51257.812,-299.936
51281.250,-292.768
51304.688,-288.879
51328.125,-295.011
51351.562,-296.774
51375.000,-290.750
51398.438,-289.731
51421.875,-285.875
51445.312,-288.100
51468.750,-295.235
51492.188,-295.513
51515.625,-305.458
51539.062,-308.537
51562.500,-307.995
51585.938,-302.623
51609.375,-303.900
51632.812,-296.683
51656.250,-294.288
51679.688,-296.889
51703.125,-303.759
51726.562,-306.313
51750.000,-303.886
51773.438,-300.632
51796.875,-296.352
51820.312,-285.126
51843.750,-285.513
51867.188,-298.992
51890.625,-306.432
51914.062,-304.348
51937.500,-302.480
51960.938,-291.928
51984.375,-284.129
52007.812,-287.264
52031.250,-297.568
52054.688,-304.758
52078.125,-306.561
52101.562,-301.830
52125.000,-291.505
52148.438,-286.130
52171.875,-289.876
52195.312,-302.560
52218.750,-304.782
52242.188,-308.864
52265.625,-307.114
52289.062,-294.004
52312.500,-288.263
52335.938,-293.543
52359.375,-298.062
52382.812,-298.550
52406.250,-304.424
52429.688,-303.552
52453.125,-299.119
52476.562,-294.217
52500.000,-291.741
52523.438,-297.854
52546.875,-299.569
52570.312,-301.601
52593.750,-308.259
52617.188,-307.355
52640.625,-297.090
52664.062,-292.710
52687.500,-287.117
52710.938,-279.641
52734.375,-282.919
52757.812,-291.554
52781.250,-295.991
52804.688,-300.612
52828.125,-290.261
52851.562,-288.296
52875.000,-296.312
52898.438,-297.181
52921.875,-302.047
52945.312,-308.654
52968.750,-310.507
52992.188,-305.173
53015.625,-304.317
53039.062,-295.224
53062.500,-291.455
53085.938,-296.758
53109.375,-304.947
53132.812,-304.142
53156.250,-303.206
53179.688,-302.620
53203.125,-295.380
53226.562,-291.477
53250.000,-296.254
53273.438,-299.667
53296.875,-300.348
53320.312,-299.932
53343.750,-296.627
53367.188,-297.212
53390.625,-294.264
53414.062,-297.780
53437.500,-300.364
53460.938,-302.894
53484.375,-304.875
53507.812,-305.079
53531.250,-300.643
53554.688,-295.626
53578.125,-296.170
53601.562,-302.906
53625.000,-304.184
53648.438,-308.927
53671.875,-309.523
53695.312,-306.270
53718.750,-298.316
53742.188,-299.298
53765.625,-293.052
53789.062,-291.380
53812.500,-298.819
53835.938,-297.814
53859.375,-292.981
53882.812,-292.302
53906.250,-288.095
53929.688,-292.190
53953.125,-294.312
53976.562,-295.007
54000.000,-306.356
54023.438,-308.789
54046.875,-307.434
54070.312,-303.319
54093.750,-302.261
54117.188,-294.402
54140.625,-293.142
54164.062,-296.081
54187.500,-303.722
54210.938,-305.968
54234.375,-301.571
54257.812,-299.053
54281.250,-295.310
54304.688,-287.097
54328.125,-289.817
54351.562,-302.558
54375.000,-306.706
54398.438,-304.334
54421.875,-303.850
54445.312,-287.360
54468.750,-281.954
54492.188,-287.446
54515.625,-300.902
54539.062,-305.654
54562.500,-306.146
54585.938,-300.895
54609.375,-288.035
54632.812,-284.196
54656.250,-290.128
54679.688,-304.415
54703.125,-305.607
54726.562,-309.980
54750.000,-306.604
54773.438,-294.472
54796.875,-291.067
54820.312,-297.358
54843.750,-295.532
54867.188,-297.886
54890.625,-304.520
54914.062,-301.624
54937.500,-296.550
54960.938,-291.135
54984.375,-289.896
55007.812,-298.075
55031.250,-300.372
55054.688,-304.637
55078.125,-307.907
55101.562,-306.566
55125.000,-294.025
55148.438,-292.427
55171.875,-287.605
55195.312,-282.429
55218.750,-288.030
55242.188,-295.213
55265.625,-300.065
55289.062,-301.981
55312.500,-291.802
55335.938,-291.924
55359.375,-297.221
55382.812,-295.060
55406.250,-302.026
55429.688,-309.017
55453.125,-309.303
55476.562,-304.717
55500.000,-303.136
55523.438,-294.895
55546.875,-293.429
55570.312,-299.475
55593.750,-304.769
55617.188,-304.923
55640.625,-303.890
55664.062,-300.975
55687.500,-295.979
55710.938,-293.982
55734.375,-299.747
55757.812,-297.333
55781.250,-299.563
55804.688,-300.483
55828.125,-299.138
55851.562,-294.209
55875.000,-292.768
55898.438,-298.258
55921.875,-302.053
55945.312,-303.433
55968.750,-304.743
55992.188,-305.209
56015.625,-300.290
56039.062,-294.959
56062.500,-297.492
56085.938,-303.909
56109.375,-304.014
56132.812,-309.370
56156.250,-308.895
56179.688,-305.567
56203.125,-299.531
56226.562,-299.177
56250.000,-290.264
56273.438,-290.579
56296.875,-297.653
56320.312,-294.487
56343.750,-290.896
56367.188,-288.915
56390.625,-286.244
56414.062,-292.315
56437.500,-295.085
56460.938,-298.691
56484.375,-308.372
56507.812,-309.362
56531.250,-305.049
56554.688,-302.517
56578.125,-301.328
56601.562,-295.013
56625.000,-295.391
56648.438,-299.875
56671.875,-305.103
56695.312,-306.130
56718.750,-302.033
56742.188,-300.782
56765.625,-291.074
56789.062,-284.990
56812.500,-290.046
56835.938,-303.067
56859.375,-305.645
56882.812,-301.965
56906.250,-301.932
56929.688,-288.266
56953.125,-285.245
56976.562,-292.179
57000.000,-301.039
57023.438,-305.784
57046.875,-305.617
57070.312,-298.557
57093.750,-289.043
57117.188,-287.250
57140.625,-294.870
57164.062,-304.585
57187.500,-306.257
57210.938,-309.266
57234.375,-304.496
57257.812,-290.816
57281.250,-289.640
57304.688,-298.263
57328.125,-297.423
57351.562,-301.270
57375.000,-305.508
57398.438,-302.236
57421.875,-297.856
57445.312,-292.393
57468.750,-292.658
57492.188,-300.295
57515.625,-298.895
57539.062,-304.814
57562.500,-308.841
57585.938,-305.204
57609.375,-295.179
57632.812,-294.357
57656.250,-283.760
57679.688,-280.815
57703.125,-287.857
57726.562,-294.115
57750.000,-299.740
57773.438,-297.585
57796.875,-288.952
57820.312,-291.304
57843.750,-298.261
57867.188,-297.826
57890.625,-305.771
57914.062,-309.610
57937.500,-308.172
57960.938,-304.517
57984.375,-301.215
58007.812,-292.308
58031.250,-292.346
58054.688,-300.774
58078.125,-305.522
58101.562,-303.743
58125.000,-303.806
58148.438,-300.455
58171.875,-292.372
58195.312,-292.059
58218.750,-299.894
58242.188,-299.325
58265.625,-303.136
58289.062,-298.091
58312.500,-298.420
58335.938,-295.070
58359.375,-295.128
58382.812,-299.579
58406.250,-300.884
58429.688,-304.393
58453.125,-305.663
58476.562,-303.514
58500.000,-298.338
58523.438,-294.852
58546.875,-298.644
58570.312,-304.037
58593.750,-305.599
58617.188,-310.214
58640.625,-309.312
58664.062,-301.967
58687.500,-297.725
58710.938,-298.476
58734.375,-291.467
58757.812,-293.733
58781.250,-300.207
58804.688,-295.776
58828.125,-293.803
58851.562,-290.719
58875.000,-288.982
58898.438,-295.919
58921.875,-294.022
58945.312,-298.985
58968.750,-309.130
58992.188,-309.691
59015.625,-305.276
59039.062,-303.691
59062.500,-298.521
59085.938,-293.505
59109.375,-294.248
59132.812,-299.670
59156.250,-305.404
59179.688,-305.210
59203.125,-299.833
59226.562,-299.731
59250.000,-291.496
59273.438,-287.793
59296.875,-295.209
59320.312,-303.579
59343.750,-306.772
59367.188,-302.571
59390.625,-297.658
59414.062,-284.777
59437.500,-283.884
59460.938,-293.396
59484.375,-303.138
59507.812,-305.498
59531.250,-305.368
59554.688,-295.940
59578.125,-286.014
59601.562,-286.072
59625.000,-296.349
59648.438,-304.893
59671.875,-307.598
59695.312,-309.121
59718.750,-302.653
59742.188,-292.368
59765.625,-293.260
59789.062,-297.804
59812.500,-295.116
59835.938,-300.572
59859.375,-303.049
59882.812,-299.226
59906.250,-294.415
59929.688,-289.605
59953.125,-291.699
59976.562,-300.379
60000.000,-300.808
60023.438,-307.094
60046.875,-308.374
60070.312,-301.023
60093.750,-292.968
60117.188,-294.275
60140.625,-285.178
60164.062,-284.474
60187.500,-293.040
60210.938,-297.026
60234.375,-303.088
60257.812,-297.343
60281.250,-291.301
60304.688,-295.456
60328.125,-295.738
60351.562,-296.392
60375.000,-306.625
60398.438,-309.668
60421.875,-307.188
60445.312,-304.312
60468.750,-299.536
60492.188,-293.043
60515.625,-295.044
60539.062,-302.380
60562.500,-305.734
60585.938,-304.880
60609.375,-302.809
60632.812,-299.148
60656.250,-293.859
60679.688,-295.310
60703.125,-300.524
60726.562,-297.721
60750.000,-303.018
60773.438,-299.926
60796.875,-298.015
60820.312,-292.391
60843.750,-294.438
60867.188,-300.734
60890.625,-302.517
60914.062,-303.952
60937.500,-305.786
60960.938,-303.788
60984.375,-297.376
61007.812,-294.968
61031.250,-300.896
61054.688,-303.938
61078.125,-305.844
61101.562,-310.619
61125.000,-309.080
61148.438,-302.557
61171.875,-299.401
61195.312,-295.476
61218.750,-289.353
61242.188,-293.412
61265.625,-297.703
61289.062,-292.953
61312.500,-291.567
61335.938,-287.600
61359.375,-287.956
61382.812,-296.206
61406.250,-295.978
61429.688,-303.766
61453.125,-308.749
61476.562,-309.345
61500.000,-303.298
61523.438,-303.894
61546.875,-298.088
61570.312,-294.612
61593.750,-297.123
61617.188,-303.116
61640.625,-306.293
61664.062,-304.881
61687.500,-301.051
61710.938,-299.450
61734.375,-288.064
61757.812,-286.479
61781.250,-296.886
61804.688,-305.783
61828.125,-305.256
61851.562,-302.008
61875.000,-296.746
61898.438,-286.672
61921.875,-287.794
61945.312,-296.954
61968.750,-304.016
61992.188,-306.591
62015.625,-303.912
62039.062,-295.006
62062.500,-287.949
62085.938,-289.662
62109.375,-300.816
62132.812,-304.649
62156.250,-308.319
62179.688,-307.822
62203.125,-297.708
62226.562,-289.683
62250.000,-292.874
62273.438,-298.355
62296.875,-297.484
62320.312,-303.560
62343.750,-304.068
62367.188,-300.152
62390.625,-295.345
62414.062,-291.155
62437.500,-295.394
62460.938,-299.688
62484.375,-300.059
62507.812,-308.038
62531.250,-308.287
62554.688,-300.386
62578.125,-294.324
62601.562,-291.605
62625.000,-282.300
62648.438,-283.653
62671.875,-291.944
62695.312,-296.084
62718.750,-301.609
62742.188,-293.237
62765.625,-289.404
62789.062,-295.684
62812.500,-296.907
62835.938,-299.916
62859.375,-308.235
62882.812,-310.835
62906.250,-305.982
62929.688,-304.767
62953.125,-296.606
62976.562,-290.951
63000.000,-294.551
63023.438,-304.059
63046.875,-305.210
63070.312,-303.822
63093.750,-303.126
63117.188,-296.329
63140.625,-290.854
63164.062,-294.296
63187.500,-301.120
63210.938,-300.527
63234.375,-302.988
63257.812,-297.964
63281.250,-297.935
63304.688,-294.015
63328.125,-297.073
63351.562,-300.185
63375.000,-302.217
63398.438,-305.181
63421.875,-305.486
63445.312,-301.404
63468.750,-296.226
63492.188,-295.403
63515.625,-301.966
63539.062,-303.954
63562.500,-307.804
63585.938,-309.844
63609.375,-308.101
63632.812,-299.135
63656.250,-298.551
63679.688,-295.175
63703.125,-291.336
63726.562,-297.112
63750.000,-299.204
63773.438,-294.846
63796.875,-294.237
63820.312,-289.448
63843.750,-291.593
63867.188,-296.220
63890.625,-295.171
63914.062,-304.299
63937.500,-308.969
63960.938,-308.669
63984.375,-303.755
64007.812,-303.678
64031.250,-295.560
64054.688,-293.695
64078.125,-296.283
64101.562,-303.045
64125.000,-305.988
64148.438,-302.937
64171.875,-299.206
64195.312,-298.254
64218.750,-289.466
64242.188,-290.210
64265.625,-301.238
64289.062,-305.536
64312.500,-305.065
64335.938,-303.522
64359.375,-291.648
64382.812,-283.979
64406.250,-287.308
64429.688,-299.824
64453.125,-305.362
64476.562,-306.237
64500.000,-303.547
64523.438,-291.459
64546.875,-285.598
64570.312,-289.393
64593.750,-303.061
64617.188,-305.228
64640.625,-309.849
64664.062,-307.703
64687.500,-297.574
64710.938,-292.037
64734.375,-296.704
64757.812,-295.624
64781.250,-296.260
64804.688,-303.909
64828.125,-302.051
64851.562,-297.707
64875.000,-291.888
64898.438,-288.862
64921.875,-295.217
64945.312,-300.026
64968.750,-302.928
64992.188,-308.307
65015.625,-308.798
65039.062,-296.921
65062.500,-293.394
65085.938,-291.656
65109.375,-284.533
65132.812,-288.124
65156.250,-296.009
65179.688,-299.730
65203.125,-304.022
65226.562,-294.332
65250.000,-292.580
65273.438,-297.623
65296.875,-294.423
65320.312,-299.367
65343.750,-308.805
65367.188,-309.954
65390.625,-305.361
65414.062,-304.202
65437.500,-295.858
65460.938,-292.617
65484.375,-297.591
65507.812,-304.066
65531.250,-305.654
65554.688,-304.611
65578.125,-301.419
65601.562,-296.417
65625.000,-293.076
65648.438,-298.165
65671.875,-299.098
65695.312,-299.502
65718.750,-302.665
65742.188,-300.170
65765.625,-294.836
65789.062,-292.134
65812.500,-297.156
65835.938,-301.791
65859.375,-303.532
65882.812,-305.062
65906.250,-305.505
65929.688,-301.579
65953.125,-295.540
65976.562,-296.436
66000.000,-303.632
66023.438,-303.568
66046.875,-308.206
66070.312,-309.284
66093.750,-307.143
66117.188,-300.018
66140.625,-299.900
66164.062,-291.918
66187.500,-290.054
66210.938,-296.205
66234.375,-296.236
66257.812,-292.592
66281.250,-290.980
66304.688,-287.197
66328.125,-291.397
66351.562,-296.505
66375.000,-298.222
66398.438,-307.776
66421.875,-309.229
66445.312,-306.548
66468.750,-302.581
66492.188,-302.846
66515.625,-295.766
66539.062,-295.431
66562.500,-299.781
66585.938,-304.863
66609.375,-306.320
66632.812,-303.009
66656.250,-300.988
66679.688,-294.601
66703.125,-286.914
66726.562,-289.892
66750.000,-302.436
66773.438,-305.779
66796.875,-302.397
66820.312,-302.584
66843.750,-291.859
66867.188,-286.773
66890.625,-291.763
66914.062,-300.434
66937.500,-305.638
66960.938,-306.247
66984.375,-301.290
67007.812,-291.793
67031.250,-288.153
67054.688,-293.638
67078.125,-304.550
67101.562,-305.632
67125.000,-309.759
67148.438,-307.496
67171.875,-293.474
67195.312,-290.138
67218.750,-297.120
67242.188,-297.179
67265.625,-299.521
67289.062,-305.519
67312.500,-302.703
67335.938,-298.937
67359.375,-292.916
67382.812,-291.281
67406.250,-298.788
67429.688,-298.291
67453.125,-302.672
67476.562,-309.229
67500.000,-307.758
67523.438,-297.654
67546.875,-295.524
67570.312,-287.485
67593.750,-282.430
67617.188,-287.682
67640.625,-294.689
67664.062,-299.243
67687.500,-300.836
67710.938,-291.039
67734.375,-291.432
67757.812,-298.314
67781.250,-296.770
67804.688,-303.450
67828.125,-308.976
67851.562,-309.418
67875.000,-304.818
67898.438,-303.118
67921.875,-292.856
67945.312,-291.070
67968.750,-298.287
67992.188,-305.383
68015.625,-304.704
68039.062,-304.259
68062.500,-301.550
68085.938,-292.692
68109.375,-290.763
68132.812,-298.089
68156.250,-300.565
68179.688,-303.068
68203.125,-300.451
68226.562,-299.149
68250.000,-295.404
68273.438,-294.423
68296.875,-299.176
68320.312,-300.392
68343.750,-304.019
68367.188,-305.847
68390.625,-304.120
68414.062,-299.139
68437.500,-294.995
68460.938,-297.228
68484.375,-304.170
68507.812,-304.800
68531.250,-309.817
68554.688,-309.371
68578.125,-303.889
68601.562,-297.688
68625.000,-299.408
68648.438,-292.608
68671.875,-292.735
68695.312,-299.388
68718.750,-297.562
68742.188,-295.124
68765.625,-292.860
68789.062,-289.477
68812.500,-295.399
68835.938,-295.269
68859.375,-298.058
68882.812,-308.909
68906.250,-309.731
68929.688,-306.483
68953.125,-303.592
68976.562,-300.488
69000.000,-294.163
69023.438,-294.627
69046.875,-299.183
69070.312,-305.161
69093.750,-305.838
69117.188,-300.782
69140.625,-299.674
69164.062,-294.505
69187.500,-289.214
69210.938,-294.451
69234.375,-302.961
69257.812,-307.180
69281.250,-303.056
69304.688,-301.685
69328.125,-287.826
69351.562,-284.920
69375.000,-292.280
69398.438,-302.689
69421.875,-305.442
69445.312,-305.997
69468.750,-299.895
69492.188,-288.466
69515.625,-286.550
69539.062,-294.509
69562.500,-305.018
69585.938,-306.656
69609.375,-310.135
69632.812,-305.827
69656.250,-294.504
69679.688,-293.329
69703.125,-298.176
69726.562,-294.499
69750.000,-298.698
69773.438,-303.306
69796.875,-299.738
69820.312,-295.469
69843.750,-289.628
69867.188,-289.838
69890.625,-299.014
69914.062,-299.707
69937.500,-305.688
69960.938,-308.452
69984.375,-304.757
70007.812,-294.905
70031.250,-295.434
70054.688,-288.312
70078.125,-285.551
70101.562,-292.667
70125.000,-297.417
70148.438,-302.612
70171.875,-300.393
70195.312,-292.891
70218.750,-295.258
70242.188,-296.146
70265.625,-294.940
70289.062,-303.979
70312.500,-309.159
70335.938,-308.197
70359.375,-304.579
70382.812,-301.339
70406.250,-293.215
70429.688,-293.545
70453.125,-300.820
70476.562,-305.510
70500.000,-305.530
70523.438,-303.635
70546.875,-299.712
70570.312,-293.764
70593.750,-293.759
70617.188,-301.084
70640.625,-298.651
70664.062,-302.929
70687.500,-301.672
70710.938,-299.310
70734.375,-292.326
70757.812,-293.378
70781.250,-299.995
70804.688,-302.153
70828.125,-304.359
70851.562,-305.814
70875.000,-304.424
70898.438,-298.580
70921.875,-294.897
70945.312,-299.281
70968.750,-304.241
70992.188,-304.776
71015.625,-310.568
71039.062,-309.161
71062.500,-304.144
71085.938,-299.093
71109.375,-297.904
71132.812,-289.983
71156.250,-291.964
71179.688,-297.403
71203.125,-294.710
71226.562,-293.049
71250.000,-289.445
71273.438,-288.031
71296.875,-295.864
71320.312,-296.608
71343.750,-302.249
71367.188,-309.011
71390.625,-310.092
71414.062,-304.260
71437.500,-303.565
71460.938,-299.733
71484.375,-294.849
71507.812,-297.015
71531.250,-302.525
71554.688,-306.224
71578.125,-305.566
71601.562,-301.611
71625.000,-300.714
71648.438,-290.869
71671.875,-287.465
71695.312,-295.276
71718.750,-305.102
71742.188,-306.122
71765.625,-301.698
71789.062,-300.814
71812.500,-289.197
71835.938,-288.388
71859.375,-296.195
71882.812,-303.128
71906.250,-306.452
71929.688,-305.308
71953.125,-298.171
71976.562,-289.883
72000.000,-289.681
72023.438,-298.883
72046.875,-304.673
72070.312,-307.504
72093.750,-308.542
72117.188,-301.581
72140.625,-291.335
72164.062,-292.473
72187.500,-298.575
72210.938,-296.594
72234.375,-302.071
72257.812,-304.465
72281.250,-300.709
72304.688,-296.498
72328.125,-290.856
72351.562,-293.127
72375.000,-299.800
72398.438,-298.722
72421.875,-306.507
72445.312,-308.660
72468.750,-303.508
72492.188,-295.984
72515.625,-295.041
72539.062,-284.896
72562.500,-284.318
72585.938,-291.890
72609.375,-296.230
72632.812,-301.628
72656.250,-296.136
72679.688,-290.564
72703.125,-295.056
72726.562,-296.919
72750.000,-298.043
72773.438,-307.209
72796.875,-310.426
72820.312,-306.986
72843.750,-304.826
72867.188,-298.325
72890.625,-290.743
72914.062,-292.559
72937.500,-302.358
72960.938,-305.746
72984.375,-304.414
73007.812,-303.600
73031.250,-297.500
73054.688,-290.450
73078.125,-292.345
73101.562,-301.497
73125.000,-300.847
73148.438,-305.086
73171.875,-299.401
73195.312,-298.736
73218.750,-293.752
73242.188,-296.129
73265.625,-300.089
73289.062,-301.383
73312.500,-305.260
73335.938,-305.772
73359.375,-302.096
73382.812,-296.882
73406.250,-294.910
73429.688,-300.440
73453.125,-303.953
73476.562,-306.629
73500.000,-310.159
73523.438,-309.149
73546.875,-300.302
73570.312,-297.776
73593.750,-297.231
73617.188,-291.476
73640.625,-295.383
73664.062,-299.411
73687.500,-296.446
73710.938,-295.722
73734.375,-290.982
73757.812,-291.170
73781.250,-297.602
73804.688,-295.534
73828.125,-302.360
73851.562,-309.184
73875.000,-309.560
73898.438,-304.457
73921.875,-304.178
73945.312,-296.973
73968.750,-293.977
73992.188,-296.388
74015.625,-302.304
74039.062,-305.891
74062.500,-304.241
74085.938,-299.597
74109.375,-299.641
74132.812,-291.741
74156.250,-290.678
74179.688,-299.820
74203.125,-304.167
74226.562,-305.930
74250.000,-302.971
74273.438,-295.940
74296.875,-286.040
74320.312,-287.345
74343.750,-298.365
74367.188,-304.862
74390.625,-306.058
74414.062,-304.949
74437.500,-294.949
74460.938,-287.165
74484.375,-288.957
74507.812,-300.904
74531.250,-305.026
74554.688,-309.000
74578.125,-308.453
74601.562,-300.847
74625.000,-293.251
74648.438,-296.100
74671.875,-295.961
74695.312,-294.869
74718.750,-302.456
74742.188,-302.479
74765.625,-298.315
74789.062,-292.796
74812.500,-288.114
74835.938,-292.453
74859.375,-299.841
74882.812,-301.234
74906.250,-308.179
74929.688,-309.179
74953.125,-299.919
74976.562,-294.444
75000.000,-295.034
75023.438,-286.614
75046.875,-288.209
75070.312,-296.409
75093.750,-299.531
75117.188,-304.570
75140.625,-296.872
75164.062,-293.313
75187.500,-297.837
75210.938,-294.111
75234.375,-296.999
75257.812,-308.192
75281.250,-310.077
75304.688,-306.111
75328.125,-304.652
75351.562,-297.145
75375.000,-292.070
75398.438,-295.631
75421.875,-303.072
75445.312,-306.010
75468.750,-305.195
75492.188,-302.000
75515.625,-297.010
75539.062,-292.341
75562.500,-296.078
75585.938,-300.797
75609.375,-299.584
75632.812,-304.184
75656.250,-301.167
75679.688,-295.663
75703.125,-291.482
75726.562,-295.862
75750.000,-301.505
75773.438,-303.137
75796.875,-305.344
75820.312,-305.758
75843.750,-302.555
75867.188,-296.338
75890.625,-295.673
75914.062,-302.645
75937.500,-303.383
75960.938,-306.831
75984.375,-309.751
76007.812,-308.239
76031.250,-300.815
76054.688,-299.432
76078.125,-293.731
76101.562,-289.710
76125.000,-294.548
76148.438,-296.770
76171.875,-294.077
76195.312,-292.810
76218.750,-288.340
76242.188,-290.582
76265.625,-297.715
76289.062,-297.974
76312.500,-306.496
76335.938,-309.014
76359.375,-308.081
76382.812,-302.910
76406.250,-303.721
76429.688,-296.749
76453.125,-295.243
76476.562,-299.514
76500.000,-304.520
76523.438,-306.316
76546.875,-303.999
76570.312,-301.200
76593.750,-297.463
76617.188,-288.823
76640.625,-289.884
76664.062,-301.141
76687.500,-305.197
76710.938,-302.952
76734.375,-301.843
76757.812,-295.463
76781.250,-288.360
76804.688,-291.481
76828.125,-299.821
76851.562,-305.167
76875.000,-306.367
76898.438,-303.175
76921.875,-294.567
76945.312,-289.237
76968.750,-292.721
76992.188,-303.859
77015.625,-305.150
77039.062,-309.599
77062.500,-308.418
77085.938,-296.452
77109.375,-290.903
77132.812,-296.004
77156.250,-297.165
77179.688,-297.897
77203.125,-305.036
77226.562,-303.115
77250.000,-299.474
77273.438,-293.679
77296.875,-290.186
77320.312,-296.402
77343.750,-297.955
77367.188,-300.600
77390.625,-309.245
77414.062,-308.773
77437.500,-300.178
77460.938,-296.321
77484.375,-291.233
77507.812,-284.055
77531.250,-287.472
77554.688,-295.047
77578.125,-298.898
77601.562,-302.844
77625.000,-293.210
77648.438,-291.705
77671.875,-298.160
77695.312,-296.036
77718.750,-300.952
77742.188,-308.454
77765.625,-310.363
77789.062,-305.278
77812.500,-304.508
77835.938,-293.747
77859.375,-290.080
77882.812,-295.690
77906.250,-304.768
77929.688,-305.470
77953.125,-304.705
77976.562,-302.451
78000.000,-293.299
78023.438,-289.645
78046.875,-295.632
78070.312,-301.800
78093.750,-302.691
78117.188,-302.870
78140.625,-299.927
78164.062,-295.871
78187.500,-293.613
78210.938,-298.495
78234.375,-300.083
78257.812,-303.162
78281.250,-305.998
78304.688,-304.676
78328.125,-299.812
78351.562,-295.316
78375.000,-296.063
78398.438,-303.688
78421.875,-304.247
78445.312,-308.932
78468.750,-309.471
78492.188,-305.979
78515.625,-297.962
78539.062,-298.957
78562.500,-293.933
78585.938,-291.946
78609.375,-298.050
78632.812,-298.366
78656.250,-296.303
78679.688,-294.915
78703.125,-290.199
78726.562,-294.333
78750.000,-296.660
78773.438,-297.423
78796.875,-307.671
78820.312,-309.579
78843.750,-307.776
78867.188,-303.697
78890.625,-302.337
78914.062,-294.944
78937.500,-294.733
78960.938,-298.786
78984.375,-304.738
79007.812,-306.084
79031.250,-301.914
79054.688,-299.618
79078.125,-296.995
79101.562,-290.653
79125.000,-293.912
79148.438,-302.239
79171.875,-306.329
79195.312,-303.571
79218.750,-302.979
79242.188,-290.959
79265.625,-286.064
79289.062,-291.386
79312.500,-302.091
79335.938,-305.271
79359.375,-306.147
79382.812,-302.858
79406.250,-291.099
79429.688,-287.248
79453.125,-293.057
79476.562,-304.889
79500.000,-305.882
79523.438,-310.673
79546.875,-307.573
79570.312,-296.914
79593.750,-293.674
79617.188,-298.255
79640.625,-294.141
79664.062,-296.771
79687.500,-303.239
79710.938,-300.100
79734.375,-296.203
79757.812,-289.888
79781.250,-288.272
79804.688,-296.537
79828.125,-298.841
79851.562,-303.749
79875.000,-308.584
79898.438,-307.698
79921.875,-296.972
79945.312,-295.840
79968.750,-291.498
79992.188,-286.680
80015.625,-292.076
80039.062,-297.828
80062.500,-302.122
80085.938,-302.804
80109.375,-294.562
80132.812,-295.158
80156.250,-296.769
80179.688,-293.823
80203.125,-300.964
80226.562,-308.713
80250.000,-309.108
80273.438,-304.873
80296.875,-303.041
80320.312,-293.698
80343.750,-292.268
80367.188,-298.815
80390.625,-304.883
80414.062,-306.065
80437.500,-304.488
80460.938,-300.284
80484.375,-293.881
80507.812,-292.337
80531.250,-299.759
80554.688,-299.736
80578.125,-302.415
80601.562,-303.425
80625.000,-300.719
80648.438,-292.403
80671.875,-292.193
80695.312,-299.013
80718.750,-301.794
80742.188,-304.317
80765.625,-305.845
80789.062,-304.954
80812.500,-299.719
80835.938,-295.094
80859.375,-297.836
80882.812,-304.457
80906.250,-303.976
80929.688,-309.791
80953.125,-309.233
80976.562,-305.905
81000.000,-299.111
81023.438,-299.318
81046.875,-290.817
81070.312,-290.715
81093.750,-296.433
81117.188,-295.728
81140.625,-294.268
81164.062,-291.368
81187.500,-288.344
81210.938,-294.634
81234.375,-297.435
81257.812,-301.012
81281.250,-309.127
81304.688,-310.159
81328.125,-305.488
81351.562,-303.289
81375.000,-301.513
81398.438,-295.209
81421.875,-296.615
81445.312,-301.979
81468.750,-306.071
81492.188,-305.890
81515.625,-302.312
81539.062,-301.112
81562.500,-293.502
81585.938,-288.535
81609.375,-294.077
81632.812,-304.335
81656.250,-306.589
81679.688,-301.569
81703.125,-302.654
81726.562,-291.807
81750.000,-289.114
81773.438,-295.425
81796.875,-302.279
81820.312,-306.219
81843.750,-306.156
81867.188,-300.765
81890.625,-291.973
81914.062,-289.947
81937.500,-297.113
81960.938,-304.789
81984.375,-306.656
82007.812,-309.283
82031.250,-305.125
82054.688,-293.263
82078.125,-292.359
82101.562,-298.538
82125.000,-295.917
82148.438,-300.218
82171.875,-304.742
82195.312,-301.042
82218.750,-297.468
82242.188,-290.828
82265.625,-291.136
82289.062,-299.308
82312.500,-297.635
82335.938,-304.174
82359.375,-308.964
82382.812,-306.166
82406.250,-297.751
82429.688,-296.912
82453.125,-287.590
82476.562,-285.044
82500.000,-291.489
82523.438,-296.416
82546.875,-301.293
82570.312,-298.857
82593.750,-291.850
82617.188,-294.530
82640.625,-297.176
82664.062,-296.482
82687.500,-305.187
82710.938,-309.664
82734.375,-308.165
82757.812,-304.829
82781.250,-300.317
82804.688,-290.838
82828.125,-290.831
82851.562,-299.854
82875.000,-305.779
82898.438,-304.985
82921.875,-304.083
82945.312,-298.810
82968.750,-290.290
82992.188,-290.512
83015.625,-300.141
83039.062,-301.331
83062.500,-305.599
83085.938,-300.997
83109.375,-299.614
83132.812,-293.554
83156.250,-294.944
83179.688,-299.962
83203.125,-300.633
83226.562,-304.958
83250.000,-305.949
83273.438,-302.781
83296.875,-297.499
83320.312,-294.666
83343.750,-298.767
83367.188,-304.096
83390.625,-305.566
83414.062,-310.238
83437.500,-309.439
83460.938,-301.821
83484.375,-297.250
83507.812,-298.729
83531.250,-291.831
83554.688,-293.771
83578.125,-298.950
83601.562,-297.525
83625.000,-296.829
83648.438,-292.688
83671.875,-290.990
83695.312,-297.836
83718.750,-296.117
83742.188,-300.739
83765.625,-309.339
83789.062,-309.956
83812.500,-305.399
83835.938,-304.104
83859.375,-298.665
83882.812,-294.222
83906.250,-296.334
83929.688,-301.599
83953.125,-305.729
83976.562,-305.266
84000.000,-300.229
84023.438,-299.980
84046.875,-293.902
84070.312,-291.263
84093.750,-298.511
84117.188,-302.882
84140.625,-306.636
84164.062,-302.608
84187.500,-299.894
84210.938,-288.220
84234.375,-287.586
84257.812,-296.813
84281.250,-304.296
84304.688,-305.784
84328.125,-305.712
84351.562,-298.380
84375.000,-288.941
84398.438,-288.811
84421.875,-298.638
84445.312,-305.018
84468.750,-307.888
84492.188,-309.306
84515.625,-304.012
84539.062,-294.736
84562.500,-295.675
84585.938,-296.494
84609.375,-293.728
84632.812,-300.336
84656.250,-302.939
84679.688,-298.540
84703.125,-293.747
84726.562,-287.630
84750.000,-289.958
84773.438,-299.388
84796.875,-299.694
84820.312,-307.136
84843.750,-309.031
84867.188,-303.012
84890.625,-295.663
84914.062,-297.074
84937.500,-288.802
84960.938,-288.402
84984.375,-296.235
85007.812,-299.475
85031.250,-304.393
85054.688,-299.413
85078.125,-294.181
85101.562,-297.805
85125.000,-294.121
85148.438,-294.979
85171.875,-306.356
85195.312,-309.731
85218.750,-306.994
85242.188,-304.731
85265.625,-298.743
85289.062,-291.798
85312.500,-293.749
85335.938,-301.661
85359.375,-305.925
85382.812,-305.635
85406.250,-302.727
85429.688,-297.708
85453.125,-291.807
85476.562,-293.950
85500.000,-301.925
85523.438,-299.862
85546.875,-304.694
85570.312,-302.164
85593.750,-296.733
85617.188,-290.880
85640.625,-294.335
85664.062,-301.130
85687.500,-302.547
85710.938,-305.489
85734.375,-305.963
85757.812,-303.226
85781.250,-297.267
85804.688,-295.204
85828.125,-301.141
85851.562,-303.439
85875.000,-305.509
85898.438,-310.119
85921.875,-308.731
85945.312,-301.916
85968.750,-298.738
85992.188,-295.636
86015.625,-289.571
86039.062,-292.837
86062.500,-296.395
86085.938,-295.189
86109.375,-294.329
86132.812,-289.675
86156.250,-289.996
86179.688,-298.136
86203.125,-297.967
86226.562,-304.885
86250.000,-308.885
86273.438,-309.366
86296.875,-303.513
86320.312,-303.883
86343.750,-298.003
86367.188,-295.054
86390.625,-298.987
86414.062,-304.129
86437.500,-306.234
86460.938,-304.837
86484.375,-301.522
86507.812,-299.409
86531.250,-290.732
86554.688,-290.049
86578.125,-299.576
86601.562,-304.240
86625.000,-303.646
86648.438,-301.017
86671.875,-298.901
86695.312,-290.070
86718.750,-291.381
86742.188,-299.163
86765.625,-304.428
86789.062,-306.229
86812.500,-304.486
86835.938,-297.273
86859.375,-290.528
86882.812,-292.116
86906.250,-302.412
86929.688,-304.854
86953.125,-308.911
86976.562,-308.735
87000.000,-299.760
87023.438,-291.950
87046.875,-295.087
87070.312,-297.333
87093.750,-296.459
87117.188,-303.797
87140.625,-303.548
87164.062,-299.592
87187.500,-294.607
87210.938,-289.356
87234.375,-293.741
87257.812,-297.842
87281.250,-298.728
87304.688,-308.238
87328.125,-308.935
87351.562,-302.739
87375.000,-297.230
87398.438,-294.883
87421.875,-285.805
87445.312,-287.348
87468.750,-295.027
87492.188,-298.700
87515.625,-303.497
87539.062,-295.512
87562.500,-292.162
87585.938,-297.740
87609.375,-295.617
87632.812,-298.598
87656.250,-307.819
87679.688,-310.633
87703.125,-305.945
87726.562,-305.101
87750.000,-295.001
87773.438,-289.373
87796.875,-293.212
87820.312,-303.537
87843.750,-305.949
87867.188,-305.113
87890.625,-303.149
87914.062,-294.202
87937.500,-288.736
87960.938,-293.052
87984.375,-302.723
88007.812,-302.445
88031.250,-305.095
88054.688,-300.784
88078.125,-296.526
88101.562,-292.770
88125.000,-297.398
88148.438,-299.956
88171.875,-302.106
88195.312,-306.050
88218.750,-305.141
88242.188,-300.396
88265.625,-295.721
88289.062,-295.190
88312.500,-302.379
88335.938,-303.966
88359.375,-307.759
88382.812,-309.687
88406.250,-307.869
88429.688,-298.553
88453.125,-297.941
88476.562,-295.421
88500.000,-291.384
88523.438,-296.363
88546.875,-298.277
88570.312,-297.280
88593.750,-296.698
88617.188,-291.157
88640.625,-293.277
88664.062,-298.055
88687.500,-297.076
88710.938,-305.732
88734.375,-309.441
88757.812,-308.980
88781.250,-304.064
88804.688,-303.629
88828.125,-295.954
88851.562,-294.684
88875.000,-298.423
88898.438,-304.154
88921.875,-306.113
88945.312,-303.119
88968.750,-299.738
88992.188,-298.704
89015.625,-292.121
89039.062,-293.595
89062.500,-301.419
89085.938,-304.650
89109.375,-304.239
89132.812,-302.627
89156.250,-294.201
89179.688,-287.365
89203.125,-290.753
89226.562,-301.244
89250.000,-304.971
89273.438,-305.938
89296.875,-304.557
89320.312,-293.933
89343.750,-288.183
89367.188,-291.977
89390.625,-304.037
89414.062,-305.316
89437.500,-310.374
89460.938,-308.330
89484.375,-299.598
89507.812,-294.305
89531.250,-298.013
89554.688,-294.038
89578.125,-294.950
89601.562,-302.592
89625.000,-300.462
89648.438,-296.545
89671.875,-290.342
89695.312,-286.974
89718.750,-293.512
89742.188,-298.204
89765.625,-301.669
89789.062,-308.547
89812.500,-309.098
89835.938,-299.215
89859.375,-296.220
89882.812,-294.700
89906.250,-287.949
89929.688,-291.492
89953.125,-298.104
89976.562,-301.689
90000.000,-304.247
90023.438,-296.353
90046.875,-295.212
90070.312,-297.495
90093.750,-293.027
90117.188,-298.080
90140.625,-308.314
90164.062,-309.699
90187.500,-305.305
90210.938,-304.255
90234.375,-294.503
90257.812,-291.239
90281.250,-296.541
90304.688,-303.954
90328.125,-306.423
90351.562,-305.249
90375.000,-300.878
90398.438,-294.213
90421.875,-291.080
90445.312,-297.295
90468.750,-300.965
90492.188,-301.934
90515.625,-305.059
90539.062,-302.120
90562.500,-292.687
90585.938,-290.941
90609.375,-297.659
90632.812,-301.515
90656.250,-303.840
90679.688,-305.904
90703.125,-305.420
90726.562,-300.670
90750.000,-295.510
90773.438,-296.667
90796.875,-304.184
90820.312,-303.465
90843.750,-308.458
90867.188,-309.471
90890.625,-307.571
90914.062,-299.441
90937.500,-299.282
90960.938,-291.888
90984.375,-289.689
91007.812,-295.014
91031.250,-295.842
91054.688,-295.250
91078.125,-293.274
91101.562,-288.897
91125.000,-293.193
91148.438,-298.419
91171.875,-300.077
91195.312,-308.727
91218.750,-309.838
91242.188,-306.928
91265.625,-303.237
91289.062,-303.139
91312.500,-295.797
91335.938,-296.059
91359.375,-301.397
91382.812,-305.803
91406.250,-305.953
91429.688,-303.104
91453.125,-301.309
91476.562,-295.817
91500.000,-289.703
91523.438,-293.231
91546.875,-303.357
91570.312,-306.242
91593.750,-301.642
91617.188,-302.186
91640.625,-294.532
91664.062,-290.006
91687.500,-294.741
91710.938,-301.530
91734.375,-305.830
91757.812,-306.499
91781.250,-302.651
91804.688,-294.212
91828.125,-290.465
91851.562,-295.640
91875.000,-304.771
91898.438,-305.904
91921.875,-309.755
91945.312,-307.413
91968.750,-295.504
91992.188,-292.541
92015.625,-298.150
92039.062,-295.458
92062.500,-298.260
92085.938,-304.770
92109.375,-301.336
92132.812,-298.029
92156.250,-291.052
92179.688,-289.420
92203.125,-297.540
92226.562,-296.803
92250.000,-301.645
92273.438,-309.242
92296.875,-307.885
92320.312,-299.649
92343.750,-297.693
92367.188,-290.464
92390.625,-285.912
92414.062,-290.916
92437.500,-296.566
92460.938,-300.869
92484.375,-301.115
92507.812,-293.306
92531.250,-294.176
92554.688,-297.589
92578.125,-295.238
92601.562,-302.462
92625.000,-308.924
92648.438,-309.395
92671.875,-304.968
92695.312,-302.367
92718.750,-291.244
92742.188,-289.374
92765.625,-296.916
92789.062,-305.398
92812.500,-305.512
92835.938,-304.557
92859.375,-300.115
92882.812,-290.388
92906.250,-288.847
92929.688,-297.419
92953.125,-301.951
92976.562,-305.032
93000.000,-302.771
93023.438,-300.528
93046.875,-293.486
93070.312,-293.578
93093.750,-299.604
93117.188,-300.075
93140.625,-304.207
93164.062,-306.056
93187.500,-303.479
93210.938,-298.012
93234.375,-294.620
93257.812,-297.234
93281.250,-304.129
93304.688,-304.695
93328.125,-309.861
93351.562,-309.423
93375.000,-303.668
93398.438,-297.016
93421.875,-298.982
93445.312,-292.429
93468.750,-292.352
93492.188,-298.050
93515.625,-297.793
93539.062,-297.680
93562.500,-294.518
93585.938,-291.062
93609.375,-296.892
93632.812,-296.931
93656.250,-299.473
93679.688,-309.034
93703.125,-309.920
93726.562,-306.527
93750.000,-303.946
93773.438,-300.553
93796.875,-294.594
93820.312,-296.096
93843.750,-300.970
93867.188,-305.490
93890.625,-305.860
93914.062,-301.086
93937.500,-299.967
93960.938,-295.839
93984.375,-291.969
94007.812,-297.403
94031.250,-301.757
94054.688,-306.505
94078.125,-302.422
94101.562,-302.403
94125.000,-290.559
94148.438,-288.048
94171.875,-295.388
94195.312,-303.733
94218.750,-305.470
94242.188,-306.042
94265.625,-301.389
94289.062,-290.954
94312.500,-288.951
94335.938,-296.634
94359.375,-305.129
94382.812,-306.829
94406.250,-310.158
94429.688,-306.472
94453.125,-296.516
94476.562,-295.503
94500.000,-297.134
94523.438,-292.829
94546.875,-297.928
94570.312,-303.357
94593.750,-298.611
94617.188,-294.558
94640.625,-287.385
94664.062,-287.754
94687.500,-297.837
94710.938,-298.352
94734.375,-305.180
94757.812,-308.933
94781.250,-305.975
94804.688,-297.085
94828.125,-297.744
94851.562,-291.173
94875.000,-288.770
94898.438,-295.546
94921.875,-299.529
94945.312,-303.994
94968.750,-301.819
94992.188,-295.222
95015.625,-297.590
95039.062,-294.449
95062.500,-293.302
95085.938,-303.252
95109.375,-309.187
95132.812,-307.967
95156.250,-304.737
95179.688,-300.571
95203.125,-291.811
95226.562,-292.035
95250.000,-299.710
95273.438,-305.401
95296.875,-305.972
95320.312,-303.565
95343.750,-298.447
95367.188,-291.486
95390.625,-291.933
95414.062,-301.405
95437.500,-300.343
95460.938,-304.347
95484.375,-303.191
95507.812,-298.054
95531.250,-290.389
95554.688,-292.598
95578.125,-300.520
95601.562,-301.974
95625.000,-305.350
95648.438,-306.116
95671.875,-303.713
95695.312,-298.200
95718.750,-295.013
95742.188,-299.506
95765.625,-303.671
95789.062,-304.387
95812.500,-310.075
95835.938,-308.841
95859.375,-303.296
95882.812,-298.221
95906.250,-297.319
95929.688,-289.662
95953.125,-291.188
95976.562,-295.526
96000.000,-295.619
