requirement_id,behavior,source_basis,module,sprint,check_id,stimulus,expected_tolerance,environment,evidence_path,gate
REQ-001,Preserve provenance and four authority lanes,"§§3–5, 34, 44; user planning-only",Docs/evidence registry,1,VAL-001,"Compare originals, decision/debt IDs, all planned files",Source SHA-256 identical; exactly 8 contracts; zero fabricated implementation/results,Planner; then execution workspace,docs/PACKAGE_VALIDATION.md; evidence/sprint_01/provenance.json,"G-01; PASS (Sprint 1): tools/check_repo_integrity.py 5/5, evidence/sprint_01/provenance.json; CSV CRLF→LF normalization recorded"
REQ-002,"Freeze actual toolchain, commands and target matrix before executable work",User scope; workflow capability rules,Build/test harness,1,VAL-002,"Inventory execution OS, SDKs, repo, licenses, budgets and fresh smoke run","Known commands/versions/exit codes; missing target access explicitly blocked, no invented commands",Actual authorized repository,docs/BUILD_COMMANDS.md; evidence/sprint_01/preflight.json,"G-01; PASS (Sprint 1) for the reference/analysis stack: docs/BUILD_COMMANDS.md, evidence/sprint_01/preflight.json, smoke_run.json; native target matrix remains UNKNOWN (G-09, explicitly blocked, not invented)"
REQ-003,Self-test alignment/null framework without hardware claims,CHAIN-EXP-016; §§31–32,Validation harness,1,VAL-003,"Identical data; known scalar, fixed fractional delay, constant clock ratio, polarity and DC perturbations",Identical-array residual exactly zero; recovery errors measured against independently generated truth; nonzero tolerances frozen before real fits,Chosen numerical environment,research/sim/CHAIN-EXP-016/,"G-02; PASS (Sprint 1, SIMULATION): research/sim/CHAIN-EXP-016/result.json — identical-array residual exactly zero; recovery errors vs independent truth recorded; nonzero hardware tolerances still UNKNOWN (G-06)"
REQ-004,Extract circuits and constrain source use without guesses,CHAIN-EXP-019/020; RD-P0-01/06; RD-P1-01..03/09/10,R2/R3/R8/R9/R11/R12/R15,1,VAL-004,"Readable sheets, net tracing, relevant component datasheets, AC simulations",Every used value tied to sheet/refdes/net; ambiguous values UNKNOWN; simulation explicitly labeled; no manual redistribution,Research workstation; source access,reference/sources/sp1200/; reference/sources/mpc3000/,G-03; BLOCKED (Sprint 1): source hosts denied by execution-environment network policy; AK5328 not located; no value guessed; reference/sources/*/ACCESS_RECORD.json
REQ-005,Measure stock units with trustworthy artifacts,§30; all hardware experiments,Hardware campaign,2,VAL-005,Calibrated loopbacks; three takes per configuration; pilots and metadata,Calibration uncertainty/repeatability documented; hashes exact; valid route and no capture clipping; unsupported bandwidth claims rejected,Stock SP and MPC; calibrated interface,reference/hardware/; evidence/sprint_02/capture_manifest.json,G-04
REQ-006,Close all P0/P1 debt or explicitly limit scope with owner approval,§§40–42,Evidence/gate registry,2,VAL-006,Item-by-item 6 P0 + 12 P1 review against measurements/extraction,No OPEN blocking item treated as closed; scoped nonapplicability needs evidence and recorded owner acceptance; no blanket waiver,Evidence reviewer + owner,evidence/sprint_02/debt_closure.json,G-05
REQ-007,Freeze quantitative validation thresholds before fitting,§32; source thresholds UNKNOWN,Validation policy,2,VAL-007,Hardware self-null repeats and instrument floor; held-out split IDs,"Signed threshold policy with numeric bounds, rationale, uncertainty and domains before model fitting; held-out capture IDs disjoint",Measurement/review environment,research/validation/threshold_policy.json; research/validation/dataset_split.json,G-06
REQ-008,"Maintain SP sample grid, encoding and quantizer behavior",SP12-CLM-001..004/024; CHAIN-DEC-002/015,R4/R5,3,VAL-008,Analytic tones; ramps across 4096 codes; exported recorded data; low-level sines,"Nominal 26.04 kHz; provisional exact 20e6/768 replaced only by evidence; code/threshold behavior per measured rule, exact digital agreement where identifiable",Offline reference + SP data,research/validation/sp1200/digital/,G-05
REQ-009,Model SP AA response and retain historical fold-back,SP12-CLM-008/009; RD-P0-01; CHAIN-EXP-002/019,R2/R3/R4,3,VAL-009,"Sweep incl 13–15 kHz, impulse, seeded multitone; held-out data",Complex response and fold-back within G-06 limits; schematic constrained; no arbitrary low-pass and no cleaning away historical aliases,Offline reference + SP input exports,research/validation/sp1200/input/,G-05/G-06
REQ-010,Preserve SP hold images and distinct output variants,SP12-CLM-012..016/020; CHAIN-DEC-003,R6/R7/R8/R9,3,VAL-010,Synthetic sample impulses/tones on measured ch3/ch5/ch7 and actual contacts,Hold fraction and complex response within G-06 limits; image positions follow measured rate; no blending circuits; ch1–2 excluded; MIX OUT not presumed,Offline + measured SP output paths,research/validation/sp1200/output/,G-05/G-06
REQ-011,Calibrate SP physical gains and clip boundaries,RD-P0-02; CHAIN-EXP-005; §26,R0/R2/R5/R9,3,VAL-011,"Stepped 100 Hz/1 kHz/10 kHz, alternate-frequency validation, full-scale codes",Volts/code mapping and each gain state traceable; converter clamp separate from measured analog clip; no guessed rail thresholds,Reference + measured volts,research/validation/sp1200/calibration/,G-05/G-06
REQ-012,"Keep MPC conversion, storage and arithmetic separate",MPC3K-CLM-001..004/010/016/017; RD-P0-05,R12/R13/R14/R15,4,VAL-012,"44.1 kHz S/PDIF known 16-bit patterns, analog low-level exports, loaded synthetic sounds",44.1 kHz domain; 18-bit converter architecture and 16-bit storage preserved; rule/arithmetic only as identifiable; S/PDIF cannot alone prove 18→16 rule,Offline reference + MPC routes,research/validation/mpc3000/digital/,G-05/G-06
REQ-013,"Fit MPC input/output response, gain and overload only to evidence",MPC3K-CLM-007/018..020; RD-P0-06/P1-02/03/07/12,R11/R12/R15,4,VAL-013,"Main L/R sweep, impulse, stepped sines, overload recovery, low-level and IMD","Complex responses, FS volts and residuals within G-06 limits; no default saturation; observed recovery escalated as required",Offline + stock MPC analog data,research/validation/mpc3000/analog/,G-05/G-06
REQ-014,"Separate main, individual and headphone MPC paths",§20; RD-P1-08; CHAIN-EXP-011,R15 variants,4,VAL-014,Same synthetic sound to main L/R and one individual pair,Measured equivalence/difference documented; no silent substitution; headphones excluded; main path is recommendation pending product decision,MPC + offline reference,research/validation/mpc3000/path_comparison/,G-05
REQ-015,Use calibrated analog SP→MPC interstage,CHAIN-DEC-014; RD-P0-03; CHAIN-EXP-012,R0/R9/R10/R11/R16,5,VAL-015,Physical SP→MPC captures at recorded gain/pot settings; held-out excerpts,"Interstage volts and trim default from measured setting, not unity digital assumption; cascade within G-06 limits",Both units + reference,research/validation/cascade/,G-05/G-06
REQ-016,Freeze product path and output defaults using fit/listening,CHAIN-DEC-001/003; §33; CHAIN-EXP-018,Product model configuration,5,VAL-016,B reference versus A/C candidates; blind hardware/reference/simplified/bypass trials,"Owner selects A/B/C, SP route, MPC route and controls with reason; no automatic promotion of B; logged listening and retained validation limits",Owner/listeners + fitted offline models,research/listening/CHAIN-EXP-018/; evidence/sprint_05/product_decision.json,G-07
REQ-017,Preserve linked dual-mono SP and true-stereo MPC semantics,CHAIN-DEC-005/010; §24; CHAIN-EXP-007,Stereo scheduler; all per-channel blocks,3,VAL-017,"L=R, anti-phase, L-only/R-only, measured slot-delay research config",Identical-input channels identical in linked mode with identical states; no random skew; independent signal/filter state; slot skew research-only; label abstraction,Offline; later plugin,research/validation/stereo/,G-05/G-08
REQ-018,Keep unity pitch and sampler non-goals,CHAIN-DEC-004/013/016,R6/R14; product scope,3,VAL-018,Config inspection and unity sample sequence tests,"No tuned playback, reverse-order product, note-driven filters, memory/loop/voice workflow in MVP; future additions require scope decision",Reference; later product UI,evidence/sprint_03/scope_audit.json,G-07
REQ-019,Respect four rate domains and block-size invariance,§25; §43,R1/R4/R7/R12/R15/R16 scheduler,6,VAL-019,Common-band analytic input at 44.1/48/88.2/96/176.4/192 kHz; irregular/one-sample/max blocks,Same-build repeated bounce and block partitions exactly agree; cross-rate/precision thresholds frozen at G-08; only shared representable continuous-input band compared,Reference and production runtime,research/validation/rate_block/,G-08
REQ-020,Keep implementation aliasing below approved floor while retaining authentic images,§29; CHAIN-EXP-016/017,Resamplers/analog-proxy/clamps,6,VAL-020,"Proxy-rate convergence, near-Nyquist tones, two-tone/stepped clamp levels",No band-limited reconstruction used instead of SP ZOH; implementation residual below G-08 budget; historical image/alias levels retain G-06 agreement,Offline + optimized engine,research/validation/implementation_alias/,G-08
REQ-021,Validate production engine against reference,§43 reference/product separation,Shared engine + offline renderer,6,VAL-021,"Held-out sines/transients/mixes; all selected paths, trims and gain states",Reference-production quantitative agreement within G-08 limits; no new independent plugin processing,Actual target builds,research/validation/reference_production/,G-07/G-08
REQ-022,Keep Product/Machine/Research parameter layers distinct,§43; CHAIN-DEC-012/014,Configuration/state/presets,6,VAL-022,"Parameter/state round trips, old-version load, factory preset diff, invalid config","Presets only product fields; calibration immutable/versioned; research inaccessible in release; stable IDs, units/defaults frozen after G-07; unknown never silently substituted",Product engine tests,evidence/sprint_06/state_parameter/,G-07/G-08
REQ-023,Define latency and three bypass states,CHAIN-CLM-007; §43 bypass/latency,Engine/wrapper/bypass,7,VAL-023,Impulse at each supported rate and routing; toggles and host compensation,Reported integer delay matches implemented alignment; measured frequency group delay separately retained; plugin bypass latency-aligned dry; machine bypass removes entire machine incl quantizer/rate process; no zero-latency claim,Approved host formats/DAWs,evidence/sprint_07/latency_bypass/,G-09
REQ-024,Meet real-time/state/numerical safety,§43 real-time/full-mix safety,Engine/wrapper/state bridge,7,VAL-024,"Allocation/lock instrumentation; denormals, NaN/Inf, silence, extremes, rate/block changes, automation, state load",Zero audio-thread allocations/locks/I/O; finite bounded behavior under frozen input-domain policy; deterministic resets; no cross-channel state leak; CPU within G-08 budget,Actual target runtime + approved sanitizers,evidence/sprint_07/realtime_state/,G-08/G-09
REQ-025,Expose full-mix headroom and honest UI behavior,§26/43; CHAIN-DEC-007..012,Meters/controls/manual/presets,7,VAL-025,Clip and inter-sample-peak stimuli; quiet/wide mix; parameter automation; UI state restore,Boundary indicators correct to defined semantics; no hidden limiter/normalization/noise/jitter/mismatch; UI cannot alter calibration/research; headroom classes documented,Plugin/DAW + owner UI review,evidence/sprint_07/safety_ui/,G-09/G-10
REQ-026,Demonstrate plugin/offline equivalence and platform compatibility,§43; project-specific proposed delivery gate,Wrapper/build/package,7,VAL-026,Same params/audio through offline and each approved format/host; reopen project/offline bounce,Agreement within G-08 platform budget; native host load/reload/automation/session restore passes; cross-build is not native validation,Only approved OS/CPU/format/host matrix,evidence/sprint_07/host_matrix/,G-09
REQ-027,Reproduce and review release candidate without publishing,User planning-only; §§42–43,Packaging/provenance/manual,8,VAL-027,"Clean authorized checkout configure/build/regression, package content/hash inspection, native install test if authorized",All mandatory gates closed; source/tool/license manifest and actual hashes; reproducible behavior within frozen budgets; no fabricated target pass or distribution,Approved native targets + artifact route,evidence/sprint_08/release_manifest.json; docs/AUTONOMOUS_BUILD_FINAL_REPORT.md,G-11
REQ-028,Preserve valid tests and bounded autonomous continuation,Workflow execution policy; user scope,Orchestrator/handoff,1,VAL-028,"Dry review of ordering, dirty-tree case, missing gates, restart and report rules",Exactly 8 ordered contracts; blocked mandatory gate stops dependency; no reset/stash/push/merge/deploy; only accepted milestones resumed,Planning validator; later executor,docs/PACKAGE_VALIDATION.md; docs/PROJECT_HANDOFF.md,"G-01; PASS (Sprint 1, executor-side): evidence/sprint_01/val028_dry_review.json; owner review of the dry review pending"
